food_code,food_name,food_type,veg_flag,cuisine_region,meal_slots,search_alias,energy_kcal,protein_g,carb_g,fat_g,fibre_g,calcium_mg,iron_mg,magnesium_mg,sodium_mg,potassium_mg,cholesterol_mg,servings_unit,serving_grams,unit_serving_energy_kcal
ASC001,Hot tea (Garam Chai),drink,veg,Pan-Indian,"breakfast, lunch, high tea, dinner",Garam Chai,16.14,0.39,2.58,0.53,0.0,14.2,0.02,1.04,3.12,13.95,0.0,tea cup,200.0,32.28
ASC002,Instant coffee,drink,veg,Pan-Indian,"breakfast, lunch, high tea, dinner",Coffee,23.16,0.64,3.65,0.75,0.0,20.87,0.06,3.63,4.92,44.5,0.0,tea cup,200.0,46.32
ASC003,Espreso coffee,drink,veg,Pan-Indian,"breakfast, lunch, high tea, dinner",Coffee,51.54,1.75,6.62,2.14,0.0,58.1,0.15,8.57,13.98,103.86,0.0,tea cup,158.5,81.7
ASC004,Iced tea,drink,veg,Pan-Indian,"breakfast, lunch, high tea, dinner",Iced Tea,10.34,0.03,2.7,0.01,0.0,1.18,0.02,0.39,0.23,5.22,0.0,tall glass,300.0,31.02
ASC005,Raw mango drink (Aam panna),drink,veg,Pan-Indian,"breakfast, lunch, high tea, dinner",Aam panna,35.92,0.16,9.05,0.03,0.61,7.08,0.14,4.25,79.82,31.45,0.0,tall glass,268.5,96.44
ASC006,Fruit Punch (with fresh juices),drink,veg,Pan-Indian,"breakfast, lunch, high tea, dinner",with fresh juices,36.12,0.14,9.38,0.03,0.06,5.07,0.1,3.2,2.63,33.43,0.0,tall glass,300.0,108.36
ASC007,Fruit Punch (with squashes),drink,veg,Pan-Indian,"breakfast, lunch, high tea, dinner",with squashes,23.13,0.07,5.99,0.02,0.17,3.3,0.06,1.88,2.26,16.65,0.0,tall glass,300.0,69.39
ASC008,Lemonade,drink,veg,Pan-Indian,"breakfast, lunch, high tea, dinner",Nimbu Paani,20.8,0.03,5.48,0.01,0.02,1.84,0.05,0.73,28.52,5.73,0.0,glass,250.0,52.0
ASC009,lemon ginger water,drink,veg,Pan-Indian,early morning,Lemon Ginger Water,21.52,0.08,5.55,0.03,0.13,2.2,0.09,1.86,28.13,14.17,0.0,glass,250.0,53.8
ASC010,cumin infused water (Jeere/Zeere ka pani),drink,veg,Pan-Indian,early morning,Jeere/Zeere ka pani,9.09,0.17,1.86,0.11,0.46,10.84,0.32,5.28,189.6,32.15,0.0,glass,250.0,22.73
ASC011,Coco pine cooler,drink,veg,Continental,"breakfast, lunch, high tea, dinner",Virgin Pinacolada/Virgin Pina Colada,32.75,0.56,5.72,1.0,0.26,17.81,0.13,6.59,23.2,66.65,3.4,tall glass,300.0,98.25
ASC014,Hot cocoa,drink,veg,Continental,"breakfast, lunch, high tea, dinner",Hot Chocolate,90.1,3.36,9.23,4.56,0.0,113.66,0.31,16.05,24.2,132.15,0.0,cup,191.0,172.09
ASC015,Cold coffee with ice cream,drink,veg,Pan-Indian,"breakfast, lunch, high tea, dinner",,67.85,1.57,11.24,2.11,0.01,53.29,0.12,7.26,13.84,90.27,1.17,tall glass,300.0,203.55
ASC016,Banana milkshake (Kele milkshake),drink,veg,Pan-Indian,"breakfast, lunch, high tea, dinner",Kele milkshake,65.31,1.84,9.15,2.37,0.26,62.64,0.13,7.92,13.61,102.43,0.0,tall glass,300.0,195.93
ASC017,Mango milkshake (Aam milkshake),drink,veg,Pan-Indian,"breakfast, lunch, high tea, dinner",Aam milkshake,56.9,1.73,7.23,2.35,0.26,62.33,0.15,6.17,13.27,79.07,0.0,tall glass,300.0,170.7
ASC018,Pineapple milkshake (Ananas milkshake),drink,veg,Pan-Indian,"breakfast, lunch, high tea, dinner",Ananas milkshake,55.72,1.66,7.62,2.23,0.0,59.92,0.11,5.14,14.05,65.68,0.0,tall glass,300.0,167.16
ASC019,Orange milkshake (Narangi milkshake),drink,veg,Pan-Indian,"breakfast, lunch, high tea, dinner",Narangi milkshake,57.42,1.86,7.11,2.52,0.0,67.42,0.11,5.3,14.63,73.43,0.0,tall glass,300.0,172.26
ASC020,Egg nog,drink,egg,Continental,"breakfast, lunch, high tea, dinner",,97.14,4.78,8.15,5.11,0.02,102.13,0.43,8.99,40.65,115.14,60.3,tall glass,300.0,291.42
ASC021,Sweet Lassi (Meethi lassi),drink,veg,Pan-Indian,"breakfast, lunch, high tea, dinner",Meethi lassi,35.66,1.29,6.51,0.68,0.0,45.65,0.03,4.38,18.31,63.5,2.49,tall glass,300.0,106.98
ASC022,Lassi (salted),drink,veg,Pan-Indian,"breakfast, lunch, high tea, dinner",salted,18.84,1.35,1.86,0.72,0.02,47.78,0.04,4.84,65.4,67.37,2.6,tall glass,300.0,56.52
ASC023,Cheese and chilli sandwich ,dish,veg,Continental,breakfast,Cheese Chilli Toast,218.11,6.8,27.4,9.78,2.08,113.79,0.99,18.86,437.5,142.31,23.05,triangle,55.8,121.6
ASC024,Egg sandwich (Ande ka sandwich),dish,egg,Pan-Indian,breakfast,Ande ka sandwich,285.96,8.69,29.16,15.8,1.88,110.13,1.44,18.88,461.67,129.59,121.63,triangle,50.7,145.12
ASC025,Cucumber sandwich (Kheere ka sandwich),dish,veg,Pan-Indian,"breakfast, high tea",Kheere ka sandwich,188.6,4.8,25.77,8.0,2.45,87.84,1.02,21.6,362.64,154.06,17.53,triangle,60.7,114.57
ASC026,Cheese and pineapple sandwich (Cheese aur ananas ka sandwich),dish,veg,Pan-Indian,breakfast,Cheese aur ananas ka sandwich,257.71,8.2,29.1,12.8,2.33,199.73,1.04,21.52,571.96,143.39,34.35,triangle,55.8,143.68
ASC027,Cheese and tomato sandwich (Cheese aur tamatar ke sandwich),dish,veg,Pan-Indian,breakfast,Cheese aur tamatar ke sandwich,243.32,7.92,26.92,12.27,1.97,191.2,1.0,20.97,549.71,148.52,32.88,triangle,58.2,141.73
ASC028,Chicken sandwich,dish,non-veg,Pan-Indian,"breakfast, lunch, dinner",,253.27,13.12,25.38,11.75,1.64,89.56,1.19,21.59,389.67,196.08,42.06,triangle,58.3,147.53
ASC029,Peanut and tomato sandwich (Moongfali aur tamatar ka sandwich),dish,veg,Pan-Indian,breakfast,Moongfali aur tamatar ka sandwich,291.43,9.53,28.54,16.14,4.03,94.03,1.58,56.19,364.99,252.82,17.53,triangle,60.7,177.04
ASC030,Rainbow sandwich,dish,veg,Continental,breakfast,,272.75,7.75,34.26,12.54,2.1,172.04,1.2,20.43,612.49,143.97,31.16,triangle,47.8,130.44
ASC031,Club sandwich ,dish,veg,Continental,breakfast,,235.32,7.31,18.51,15.12,1.81,115.68,0.86,18.6,461.66,169.0,31.26,triangle,87.9,206.79
ASC032,Vegetarian club sandwich,dish,veg,Continental,breakfast,Veg Club Sandwich,198.33,5.45,19.68,11.33,2.06,122.44,0.77,18.65,305.36,159.77,23.13,triangle,82.9,164.37
ASC033,Pin wheel sandwich,dish,veg,Continental,breakfast,,311.52,8.77,14.0,24.93,0.93,67.75,1.36,13.69,374.39,110.3,179.52,triangle,27.9,86.84
ASC034,Carrot apple sandwich (Gajar aur seb ka sandwich),dish,veg,Continental,breakfast,Gajar aur seb ka sandwich,214.11,5.3,29.04,9.12,3.66,118.05,1.8,31.49,302.88,228.82,21.05,triangle,97.2,208.22
ASC035,Salami sandwich,dish,non-veg,Continental,breakfast,Chicken Salami Sandwich,255.59,8.7,21.54,15.51,1.97,73.54,1.11,20.81,662.75,194.06,33.35,triangle,74.3,189.78
ASC036,Vegetable and mayonnaise sandwich,dish,veg,Continental,breakfast,Coleslaw Sandwich,244.26,4.47,23.2,15.4,2.35,79.53,0.91,16.7,342.7,143.1,21.87,triangle,68.3,166.83
ASC037,Egg and tomato sandwich (Ande aur tamatar ka sandwich),dish,egg,Continental,breakfast,Ande aur tamatar ka sandwich,222.11,7.66,25.9,10.51,1.77,95.71,1.3,18.11,423.26,150.47,95.63,triangle,59.5,132.15
ASC038,Sweet open sandwich,dish,veg,Continental,breakfast,,244.25,4.99,39.24,8.15,2.36,85.18,1.15,22.74,205.27,230.97,18.05,triangle,59.0,144.11
ASC039,Mushroom and cheese sandwich (toasted),dish,veg,Continental,"breakfast, high tea",,227.42,7.79,21.01,13.01,2.28,172.35,0.84,21.16,456.57,198.37,35.12,triangle,75.7,172.27
ASC040,Cheese and tomato sandwich (toasted) (Cheese aur tamatar ke sandwich (toasted)),dish,veg,Pan-Indian,"breakfast, high tea", Cheese aur tamatar ke sandwich (toasted,224.58,6.82,21.42,12.95,1.78,169.22,0.82,19.04,457.94,148.53,35.12,triangle,75.8,170.12
ASC041,Pea potato sandwich (toasted) (Matar aloo ka sandwich),dish,veg,Pan-Indian,"breakfast, high tea", Matar aloo ka sandwich,164.9,4.6,25.17,5.43,2.89,64.15,1.11,26.66,262.63,342.73,0.0,toasted triangle,88.9,146.56
ASC042,Paneer pea sandwich (toasted) (Paneer matar ka sandwich),dish,veg,North Indian,"breakfast, high tea, lunch, dinner", Paneer matar ka sandwich,249.56,12.4,24.05,11.98,2.12,274.1,1.26,27.81,268.9,127.84,0.0,toasted triangle,88.9,221.79
ASC043,Chicken sandwich (toasted),dish,non-veg,Continental,"breakfast, high tea, lunch, dinner",Chicken Sandwich,167.37,12.08,18.82,5.32,1.64,99.99,0.99,20.67,327.55,203.56,26.57,toasted triangle,85.5,143.1
ASC044,Pea keema sandwich (toasted) (Matar aur keema ka sandwich),dish,non-veg,Pan-Indian,"breakfast, high tea",Matar aur keema ka sandwich,171.78,11.06,20.26,5.61,2.45,70.79,1.51,26.19,290.07,234.35,27.29,toasted triangle,84.6,145.39
ASC045,Classic club sandwich,dish,veg,Pan-Indian,breakfast,,200.83,6.74,18.49,11.56,1.62,107.73,1.09,20.02,277.49,167.57,62.87,triangle,223.5,448.86
ASC046,Sesame toast,dish,veg,Continental,high tea,,495.19,1.9,11.15,49.38,1.32,43.44,0.72,15.34,128.78,172.98,0.0,toasted triangle,62.4,309.18
ASC047,Cracked wheat porridge (Meetha daliya),dish,veg,Pan-Indian,"breakfast, lunch, dinner",Meetha daliya,81.57,2.64,8.87,4.08,0.62,75.88,0.32,5.18,15.89,71.44,0.0,bowl,250.0,203.93
ASC048,Semolina porridge (Suji/Rava daliya),dish,veg,Pan-Indian,"breakfast, lunch, dinner",Suji/Rava daliya,100.89,3.75,12.39,4.08,0.7,108.52,0.36,10.23,23.21,123.99,0.0,bowl,250.0,252.22
ASC050,Oatmeal Porridge,dish,veg,Continental,breakfast,,72.85,2.6,8.77,3.22,0.39,76.83,0.28,10.97,16.14,91.03,0.02,bowl,250.0,182.12
ASC051,Cornflakes with milk,dish,veg,Continental,breakfast,,117.33,3.59,14.95,5.12,0.78,106.47,0.42,14.98,26.55,132.88,0.0,bowl,250.0,293.32
ASC052,Rice flakes (Chiwda/Aval),dish,veg,Pan-Indian,"high tea, lunch, dinner",Chiwda/Aval,112.44,3.62,15.57,3.99,0.37,103.15,0.62,15.61,22.4,115.4,0.0,bowl,250.0,281.1
ASC053,Wheat flakes,dish,veg,Pan-Indian,"lunch, dinner",,112.44,3.62,15.57,3.99,0.37,103.15,0.62,15.61,22.4,115.4,0.0,bowl,250.0,281.1
ASC054,Murmura (Puffed rice),dish,veg,Pan-Indian,"high tea, lunch, dinner",Puffed rice,113.32,3.62,15.67,4.04,0.28,103.79,0.63,14.18,22.52,114.53,0.0,bowl,250.0,283.3
ASC055,Puffed wheat (Murmure/Moori),dish,veg,Pan-Indian,high tea,Murmure/Moori,113.32,3.62,15.67,4.04,0.28,103.79,0.63,14.18,22.52,114.53,0.0,bowl,250.0,283.3
ASC056,Boiled egg (Ubla anda),dish,egg,Pan-Indian,breakfast,Ubla anda,45.35,4.43,0.12,3.04,0.11,17.75,0.64,4.88,170.94,50.91,121.19,egg,151.0,68.49
ASC057,Fried Egg ,dish,egg,Pan-Indian,breakfast,,223.67,11.59,0.31,19.62,0.29,46.4,1.69,12.75,446.96,133.13,316.88,egg,57.8,129.17
ASC058,Poached egg,dish,egg,Pan-Indian,breakfast,,123.87,11.98,0.37,8.19,0.3,48.24,1.75,14.79,1163.07,141.3,326.79,egg,56.0,69.37
ASC059,Scrambled egg (Ande ki bhurji),dish,egg,Pan-Indian,breakfast,Ande ki bhurji,155.97,10.29,1.35,12.21,0.24,64.59,1.42,12.41,374.66,136.01,273.6,egg,70.0,109.18
ASC060,Baked egg ,dish,egg,Pan-Indian,"lunch, dinner",,218.85,11.88,15.42,12.65,1.03,164.05,1.48,17.94,523.29,143.69,204.36,egg,101.0,221.04
ASC061,Plain omelette/omlet,dish,egg,Pan-Indian,breakfast,omlet,272.41,9.66,0.64,25.74,0.12,48.4,1.35,10.22,226.18,114.08,255.94,omelette,143.0,389.55
ASC062,Stuffed egg omelette/omlet,dish,egg,Pan-Indian,breakfast,omlet,203.51,8.6,2.3,17.77,0.75,89.91,0.91,14.15,267.19,161.72,154.38,omelette,262.0,533.21
ASC063,Pancake,dish,veg,Pan-Indian,high tea,,203.36,5.68,20.49,10.82,0.65,79.49,0.69,13.56,143.7,116.83,35.93,pancake,42.3,85.97
ASC064,Keema pancake,dish,non-veg,Pan-Indian,high tea,,176.27,9.01,9.56,11.25,0.84,40.96,0.93,16.95,125.4,198.42,46.43,pancake,110.4,194.58
ASC065,Vegetable pancake,dish,veg,Pan-Indian,high tea,,125.18,3.87,12.24,6.57,2.48,42.89,0.79,19.91,116.69,230.72,19.32,pancake,117.1,146.64
ASC066,Jam and fruit pancake,condiment,veg,Pan-Indian,"breakfast, lunch, high tea, dinner",,162.02,3.79,20.73,7.01,1.21,54.06,0.52,11.9,93.09,110.42,23.09,pancake,65.8,106.57
ASC067,Khoa and coconut pancake,dish,veg,South Indian,high tea,,271.98,6.98,27.32,15.29,1.65,157.22,1.12,22.61,101.0,205.43,21.35,pancake,71.1,193.51
ASC068,Brown stock,dish,veg,Continental,"lunch, dinner",,21.32,1.95,0.25,1.38,0.09,17.16,0.3,0.72,44.6,36.68,0.0,cup,200.0,42.64
ASC069,Vegetable stock,dish,veg,Continental,"lunch, dinner",,17.6,0.3,0.96,1.38,0.38,5.08,0.12,2.64,49.75,30.05,3.46,cup,200.0,35.2
ASC070,Chicken stock,dish,non-veg,Continental,"lunch, dinner",,29.88,3.69,0.37,1.51,0.1,3.57,0.18,4.25,58.58,56.12,10.23,cup,200.0,59.76
ASC071,White sauce (thin),condiment,veg,Pan-Indian,"breakfast, lunch, high tea, dinner",thin,115.17,3.31,6.58,8.41,0.07,110.2,0.19,8.56,23.91,111.33,11.04,1 tbsp,15.0,17.28
ASC072,White sauce (medium),condiment,veg,Pan-Indian,"breakfast, lunch, high tea, dinner",medium,151.27,3.36,7.98,11.76,0.14,103.53,0.22,8.79,22.59,108.19,20.47,1 tbsp,15.0,22.69
ASC073,White sauce (thick),condiment,veg,Pan-Indian,"breakfast, lunch, high tea, dinner",thick,209.69,3.43,10.24,17.19,0.24,92.74,0.27,9.18,20.45,103.11,35.72,1 tbsp,15.0,31.45
ASC074,Cheese sauce,condiment,veg,Pan-Indian,"breakfast, lunch, high tea, dinner",,194.76,7.68,7.08,15.12,0.12,255.14,0.31,14.33,317.38,130.21,39.75,1 tbsp,15.0,29.21
ASC075,Egg sauce,condiment,egg,Pan-Indian,"breakfast, lunch, high tea, dinner",,146.85,5.97,5.88,11.08,0.12,89.49,0.65,9.73,51.54,117.22,111.08,1 tbsp,15.0,22.03
ASC076,Mushroom sauce,condiment,veg,Pan-Indian,"breakfast, lunch, high tea, dinner",,137.56,3.39,7.31,10.51,0.47,94.1,0.22,9.85,20.94,131.43,18.2,1 tbsp,15.0,20.63
ASC077,Mustard sauce,condiment,veg,Pan-Indian,"breakfast, lunch, high tea, dinner",,158.58,3.98,8.29,12.17,0.13,109.03,0.44,14.9,22.16,128.41,19.97,1 tbsp,15.0,23.79
ASC078,Brown sauce,condiment,veg,Pan-Indian,"breakfast, lunch, high tea, dinner",,109.18,11.92,5.38,23.67,1.69,40.44,2.46,39.16,14174.59,334.09,0.0,1 tbsp,15.0,16.38
ASC079,Clear tomato soup (Tamatar ka soup),dish,veg,Pan-Indian,"lunch, dinner",Tamatar ka soup,80.07,4.79,3.45,12.22,1.96,29.05,1.14,22.39,5135.74,232.95,0.0,soup bowl,300.0,240.21
ASC080,Lentil soup,dish,veg,Pan-Indian,"lunch, dinner",,31.17,9.65,3.94,11.68,2.57,40.57,2.26,36.61,10418.84,350.26,2.19,soup bowl,300.0,93.51
ASC081,Chicken consomme (Clear chicken soup),dish,non-veg,Pan-Indian,"lunch, dinner",Clear chicken soup,47.94,11.47,1.19,12.02,1.57,35.48,1.82,32.35,8953.64,305.39,17.0,soup bowl,225.9,108.31
ASC082,Cream of tomato soup,dish,veg,Pan-Indian,"lunch, dinner",,97.81,4.61,3.93,13.12,1.38,39.61,0.95,19.75,4461.22,205.66,5.47,soup bowl,300.0,293.43
ASC083,Cream of green peas soup,dish,veg,Pan-Indian,"lunch, dinner",,127.84,7.13,6.75,14.78,2.95,51.01,1.48,29.97,4999.7,242.6,6.19,soup bowl,300.0,383.52
ASC084,Cream of spinach soup,dish,veg,Pan-Indian,"lunch, dinner",,100.54,5.21,3.45,13.31,1.74,70.77,2.1,52.29,4429.81,404.13,5.47,soup bowl,300.0,301.62
ASC085,Cream of mixed vegetable soup,dish,veg,Pan-Indian,"lunch, dinner",,59.65,6.84,4.93,9.05,2.14,65.26,1.36,27.05,5655.45,255.87,7.05,soup bowl,300.0,178.95
ASC086,Cream of mushroom soup,dish,veg,Pan-Indian,"lunch, dinner",,117.28,6.64,3.74,15.5,1.34,70.56,1.81,24.31,5276.06,249.79,6.74,soup bowl,300.0,351.84
ASC087,Chicken sweet corn soup,dish,non-veg,Pan-Indian,"lunch, dinner",,28.32,14.48,1.63,12.59,0.47,91.5,3.83,41.64,12205.33,362.15,6.37,soup bowl,241.7,68.46
ASC088,Minestrone soup,dish,veg,Pan-Indian,"lunch, dinner",,42.66,9.3,3.71,11.09,1.92,53.55,1.82,31.06,8875.06,299.64,3.7,soup bowl,230.1,98.17
ASC089,Egg drop soup,dish,egg,Pan-Indian,"lunch, dinner",,26.64,12.93,1.1,13.52,0.81,100.14,3.93,39.39,12418.84,346.42,31.67,soup bowl,300.0,79.92
ASC090,Chinese cabbage and meat ball soup,dish,non-veg,Pan-Indian,"lunch, dinner",,484.31,5.21,1.43,56.57,0.57,41.07,1.52,15.07,4249.41,147.1,5.83,soup bowl,300.0,1452.93
ASC091,French onion soup,dish,veg,Pan-Indian,"lunch, dinner",,55.61,11.41,4.28,14.39,1.01,106.22,3.52,37.54,11202.89,320.67,10.59,soup bowl,300.0,166.83
ASC092,Hot and sour soup,dish,veg,Pan-Indian,"lunch, dinner",,31.51,3.12,1.78,1.31,0.6,10.68,0.43,7.53,163.26,93.43,17.91,soup bowl,300.0,94.53
ASC093,Talaumein soup,dish,veg,Pan-Indian,"lunch, dinner",,35.63,10.12,4.17,12.78,1.94,42.33,2.23,37.81,11088.14,340.97,12.4,soup bowl,300.0,106.89
ASC094,Cold cucumber soup (Thanda kheere ka soup),dish,veg,Pan-Indian,"high tea, lunch, dinner",Thanda kheere ka soup,48.03,2.99,4.58,1.99,0.88,99.79,0.32,15.83,121.32,171.02,7.06,soup bowl,187.7,90.13
ASC095,Cold summer garden soup,dish,veg,Pan-Indian,"lunch, dinner",,49.19,8.57,2.65,14.08,1.86,43.93,2.13,38.89,9919.63,361.43,10.12,soup bowl,300.0,147.57
ASC096,Chapati/Roti,dish,veg,Pan-Indian,"lunch, dinner",Roti,202.31,5.88,35.65,3.56,6.31,17.22,2.28,69.44,1.16,172.78,6.83,chapati,36.0,72.83
ASC097,Plain parantha/paratha,dish,veg,North Indian,breakfast,paratha,298.3,5.06,30.69,16.86,5.43,14.81,1.98,59.91,62.07,148.89,0.0,parantha,55.8,166.31
ASC098,Potato parantha/paratha (Aloo ka parantha/paratha),dish,veg,North Indian,breakfast,Aloo ka parantha/paratha; paratha,205.04,3.7,23.92,10.22,4.18,17.38,1.52,46.11,127.2,272.88,0.0,parantha,93.4,191.43
ASC099,Radish parantha/paratha (Mooli ka parantha/paratha),dish,veg,North Indian,breakfast,Mooli ka parantha/paratha; paratha,183.52,3.3,20.54,9.53,4.32,23.75,1.39,41.98,127.03,206.44,0.0,parantha,100.0,183.58
ASC100,Cauliflower parantha/paratha (Phoolgobhi ka parantha/paratha),dish,veg,North Indian,breakfast,Phoolgobhi ka parantha/paratha; paratha,178.07,3.73,18.84,9.47,4.68,22.0,1.59,44.53,190.03,222.94,0.0,parantha,101.9,181.39
ASC101,Dal parantha/paratha,dish,veg,North Indian,"breakfast, lunch, dinner",paratha,268.24,6.78,30.03,13.05,6.46,23.89,2.45,63.15,156.13,268.85,0.0,parantha,76.7,205.73
ASC102,Sprouted moong parantha/paratha,dish,veg,North Indian,breakfast,paratha,228.59,4.29,24.31,12.43,4.49,20.33,1.94,49.59,153.94,150.07,0.0,parantha,76.7,175.32
ASC103,Pea parantha/paratha (Matar ka parantha/paratha),dish,veg,North Indian,breakfast,Matar ka parantha/paratha; paratha,190.73,5.59,21.51,8.8,5.61,23.49,1.78,49.23,109.99,197.71,0.0,parantha,108.4,206.68
ASC104,Keema parantha/paratha,dish,non-veg,North Indian,breakfast,paratha,238.09,9.41,18.36,13.91,3.44,19.35,1.8,43.62,140.62,213.77,25.66,parantha,100.0,238.16
ASC105,Paneer parantha/paratha,dish,veg,North Indian,"breakfast, lunch, dinner",paratha,262.97,7.98,24.33,14.62,4.0,127.65,1.7,48.99,142.52,141.55,0.0,parantha,85.0,223.6
ASC106,Besan and spinach parantha/paratha (Besan aur palak ka parantha/paratha),dish,veg,North Indian,breakfast,Besan aur palak ka parantha/paratha; paratha,216.49,5.54,21.39,12.09,4.39,33.07,1.85,53.3,177.19,251.93,0.0,parantha,82.3,178.12
ASC107,Poori,dish,veg,Pan-Indian,"lunch, dinner",,737.63,1.35,8.22,77.61,1.46,3.98,0.6,16.07,31.73,39.91,1.58,poori,124.9,921.31
ASC108,Spinach poori (Palak poori),dish,veg,Pan-Indian,"lunch, dinner",Palak poori,684.25,1.42,7.76,71.86,1.55,10.02,0.79,21.42,35.47,84.67,1.46,poori,135.0,923.74
ASC109,Methi poori,dish,veg,Pan-Indian,"lunch, dinner",,710.02,1.45,7.98,74.6,1.61,14.61,0.81,18.01,35.37,48.54,1.51,poori,130.0,923.03
ASC110,Dal stuffed poori,dish,veg,Pan-Indian,"lunch, dinner",,785.16,2.08,10.14,81.69,1.96,6.88,0.83,22.74,128.18,81.94,1.66,poori,118.8,932.65
ASC111,Potato stuffed poori (Aloo ki poori),dish,veg,Pan-Indian,"lunch, dinner",Aloo ki poori,776.74,1.52,9.4,81.35,1.64,5.57,0.7,18.52,69.86,71.98,1.65,poori,119.2,925.87
ASC112,Tandoori parantha/paratha,dish,veg,North Indian,breakfast,paratha,295.37,5.08,30.74,16.51,5.44,14.98,1.96,59.88,1.14,148.98,39.77,parantha,55.7,164.42
ASC113,Boiled rice (Uble chawal),dish,veg,Pan-Indian,"lunch, dinner",Uble chawal,117.19,2.6,25.72,0.18,1.25,2.7,0.24,8.91,1.05,47.33,0.0,plate,300.0,351.57
ASC114,Plain pulao,dish,veg,Pan-Indian,"lunch, dinner",,140.21,2.34,21.82,4.62,1.69,12.76,0.41,12.3,193.76,74.74,0.0,plate,300.0,420.63
ASC115,Mixed vegetable pulao,dish,veg,Pan-Indian,"lunch, dinner",,113.05,2.72,17.49,3.33,2.67,19.61,0.6,17.6,187.92,133.82,0.0,plate,300.0,339.15
ASC116,Mushroom pulao,dish,veg,Pan-Indian,"lunch, dinner",,124.29,2.52,19.02,4.03,1.88,13.54,0.39,13.23,222.36,108.7,0.0,plate,300.0,372.87
ASC117,Sprouted moong pulao,dish,veg,Pan-Indian,"lunch, dinner",,112.97,2.19,17.49,3.61,1.78,16.26,0.65,13.05,153.16,95.52,0.0,plate,300.0,338.91
ASC118,Paneer pulao,dish,veg,North Indian,"lunch, dinner",,581.91,1.98,8.76,59.81,0.62,33.09,0.26,6.11,72.28,31.25,0.0,plate,300.0,1745.73
ASC119,Peanut pulao ,dish,veg,Pan-Indian,"lunch, dinner",,193.28,5.32,21.18,9.51,2.9,18.52,0.83,38.11,168.4,159.16,0.0,plate,300.0,579.84
ASC120,Navratan pulao,dish,veg,Pan-Indian,"lunch, dinner",,261.71,6.2,36.98,9.45,3.82,59.61,1.1,32.27,334.26,185.63,0.0,plate,183.1,479.19
ASC121,Green chickpeas pulao (Choliya pulao/Hare chane ka pulao),dish,veg,Pan-Indian,"lunch, dinner",Choliya pulao/Hare chane ka pulao,173.43,4.88,27.57,4.82,3.15,18.94,0.95,21.62,170.05,164.6,0.0,plate,300.0,520.29
ASC122,Mutton biryani/biriyani,dish,non-veg,Pan-Indian,"lunch, dinner",biriyani,190.76,7.38,22.5,7.72,2.42,68.58,1.29,19.12,262.64,212.05,0.4,plate,207.8,396.43
ASC123,Vegetable biryani/biriyani,dish,veg,Pan-Indian,"lunch, dinner",biriyani,174.61,3.16,18.56,9.51,3.31,33.52,0.86,24.37,183.79,242.5,0.27,plate,300.0,523.83
ASC124,"Lemon rice (Pulihora, Elumichai sadam, Chitranna)",dish,veg,South Indian,"lunch, dinner","Pulihora, Elumichai sadam, Chitranna",176.3,4.26,21.62,7.88,2.52,12.7,0.77,29.94,187.11,152.57,0.0,plate,300.0,528.9
ASC125,Sweet rice (Meethe chawal),dish,veg,Pan-Indian,"lunch, dinner",Meethe chawal,215.41,2.1,42.59,4.57,1.13,11.38,0.34,11.13,3.2,56.08,9.55,plate,300.0,646.23
ASC126,Curd rice (Dahi bhaat/Dahi chawal/ Perugu annam/Daddojanam/Thayir saadam),dish,veg,South Indian,"lunch, dinner",Dahi bhaat/Dahi chawal/ Perugu annam/Daddojanam/Thayir saadam,195.74,5.75,32.93,4.32,2.13,101.52,0.59,24.28,213.29,211.78,3.12,plate,216.2,423.11
ASC127,Tamarind rice (Chintapandu pulihora/Puliyodharai/Puli sadam/Huli anna),dish,veg,South Indian,"lunch, dinner",Chintapandu pulihora/Puliyodharai/Puli sadam/Huli anna,373.04,7.45,65.08,8.53,5.12,50.94,2.89,58.32,162.41,369.08,7.7,plate,127.8,476.86
ASC128,Spanish rice,dish,veg,Continental,"lunch, dinner",,164.24,4.19,31.1,2.23,2.78,18.93,0.92,21.13,96.61,190.33,0.0,plate,217.5,357.22
ASC129,Chinese fried rice,dish,veg,Indo-Chinese,"lunch, dinner",,120.58,4.05,13.4,5.43,2.31,34.7,0.99,18.99,248.36,210.87,52.09,plate,300.0,361.74
ASC130,Classic italian pasta,dish,veg,Continental,"lunch, dinner",,42.12,0.57,4.4,2.45,1.36,19.55,0.41,9.21,49.04,105.02,1.7,1 katori,150.0,63.18
ASC131,Pasta spinach sauce,condiment,veg,Continental,"breakfast, lunch, high tea, dinner",,85.46,1.76,1.76,7.9,0.86,58.57,1.23,32.15,115.79,251.05,9.34,1 tbsp,15.0,12.82
ASC132,Pasta cheese sauce,condiment,veg,Continental,"breakfast, lunch, high tea, dinner",,149.26,4.33,9.0,10.84,0.14,152.68,0.25,10.4,255.95,114.39,22.22,1 tbsp,15.0,22.39
ASC133,Macroni cheese pie,dish,veg,Continental,"lunch, dinner",,170.63,5.85,21.1,7.48,0.4,122.01,0.54,19.78,200.51,156.11,15.99,casserole dish,239.5,408.65
ASC134,Vegetable chowmein,dish,veg,Indo-Chinese,"lunch, dinner",,129.71,3.07,15.44,6.36,1.86,28.33,0.99,21.67,258.47,201.59,0.0,plate,299.6,388.6
ASC135,Chicken chowmein,dish,non-veg,Indo-Chinese,"lunch, dinner",,151.33,6.33,13.3,8.23,1.64,26.1,0.89,21.81,288.15,225.32,10.73,plate,300.0,453.99
ASC136,Cheese noodle ring,dish,veg,Indo-Chinese,"lunch, dinner",,133.67,6.22,13.96,6.12,1.27,99.3,0.79,20.45,241.96,176.93,55.67,plate,300.0,401.01
ASC137,Spaghetti and cheese balls in tomato sauce,condiment,veg,Continental,"breakfast, lunch, high tea, dinner",,508.32,2.41,7.82,52.08,0.59,40.59,0.32,8.73,104.14,68.28,3.83,plate,300.0,1524.96
ASC138,Penne platter,dish,veg,Continental,"lunch, dinner",,177.4,5.04,20.87,8.71,1.09,67.67,0.9,21.93,283.37,202.22,2.29,plate,261.5,463.9
ASC139,Pasta hot pot,dish,veg,Continental,"lunch, dinner",,125.17,5.84,11.6,6.47,0.8,55.28,0.82,17.09,231.17,215.22,27.19,plate,300.0,375.51
ASC140,Chicken lasagne,dish,non-veg,Continental,"lunch, dinner",,187.49,10.45,13.9,10.36,0.11,119.98,0.64,18.11,238.55,176.85,50.38,plate,300.0,562.47
ASC141,Fettuccine with spinach sauce,condiment,veg,Continental,"breakfast, lunch, high tea, dinner",,129.21,3.1,12.19,7.83,0.77,53.67,1.28,34.19,153.59,247.35,10.29,plate,300.0,387.63
ASC142,Naan,dish,veg,North Indian,"lunch, dinner",,286.45,8.05,51.75,4.99,1.91,88.01,1.29,27.53,326.11,166.24,10.15,naan,53.2,152.3
ASC143,Bhatura,dish,veg,Pan-Indian,"lunch, dinner",,793.2,1.63,10.73,82.56,0.38,12.12,0.33,4.89,28.3,30.07,0.38,bhatura,145.6,1154.61
ASC144,Idli,dish,veg,South Indian,breakfast,,137.54,4.64,28.18,0.33,2.31,8.0,0.68,25.44,100.83,158.13,0.0,idli,25.1,34.47
ASC146,Masala dosa,condiment,veg,South Indian,"breakfast, lunch, high tea, dinner",,164.58,3.29,19.57,7.84,2.52,15.58,0.79,26.62,191.28,271.77,0.0,dosa,209.7,345.08
ASC147,Semolina dosa (Suji/Rava dosa),dish,veg,South Indian,breakfast,Suji/Rava dosa,227.05,7.3,32.84,7.12,4.04,116.04,1.39,28.14,202.36,254.06,4.59,dosa,73.4,166.69
ASC148,Onion tomato uttapam,dish,veg,South Indian,breakfast,,462.02,1.91,11.32,45.3,1.26,5.82,0.36,12.35,143.53,90.2,0.0,uttapam,139.5,644.32
ASC149,Paneer kaathi roll,dish,veg,North Indian,"high tea, lunch, dinner",,285.94,6.92,20.1,19.55,2.4,101.66,1.42,29.55,221.03,130.5,30.84,kaathi roll,148.3,424.15
ASC150,Makki ki roti,dish,veg,North Indian,"lunch, dinner",,263.97,3.49,24.19,16.85,5.19,14.76,1.11,53.51,236.22,152.79,39.07,roti,85.0,224.37
ASC151,Washed moong dal (Dhuli moong ki dal),dish,veg,Pan-Indian,"lunch, dinner",Dhuli moong ki dal,50.0,2.68,5.91,1.68,1.17,8.48,0.64,19.19,150.64,151.48,0.0,bowl,250.0,125.0
ASC152,Washed urad dal (Dhuli urad ki dal),dish,veg,Pan-Indian,"lunch, dinner",Dhuli urad ki dal,61.32,2.51,5.84,2.98,1.53,10.24,0.72,21.32,142.21,143.16,0.0,bowl,250.0,153.3
ASC153,Split bengal gram with bottle gourd (Channa dal with ghiya/lauki),dish,veg,North Indian,"lunch, dinner",Channa dal with ghiya/lauki,73.25,2.79,7.1,3.6,2.72,14.33,0.99,21.16,149.47,183.95,0.0,bowl,250.0,183.12
ASC154,Dry washed urad,dish,veg,Pan-Indian,"lunch, dinner",,124.71,6.85,15.66,3.5,4.06,27.08,1.89,57.16,295.79,384.33,0.0,bowl,143.2,178.59
ASC155,Mixed dal,dish,veg,Pan-Indian,"lunch, dinner",,61.93,2.51,5.79,3.1,1.62,11.0,0.78,19.72,141.36,144.27,0.0,bowl,250.0,154.82
ASC156,Whole moong (Moong ki dal),dish,veg,Pan-Indian,"lunch, dinner",Moong ki dal,53.7,2.25,5.22,2.56,2.02,13.58,0.68,22.53,123.86,149.16,0.0,bowl,250.0,134.25
ASC157,Whole masoor (Masoor ki dal),dish,veg,Pan-Indian,"lunch, dinner",Masoor ki dal,54.05,2.28,5.37,2.52,1.98,12.2,0.95,12.74,123.72,112.96,0.0,bowl,250.0,135.12
ASC158,Whole moth (Moth ki dal),dish,veg,Pan-Indian,"lunch, dinner",Moth ki dal,55.0,2.01,5.74,2.62,1.85,18.98,0.95,23.14,125.08,164.84,0.0,bowl,250.0,137.5
ASC159,Whole urad (Urad ki dal),dish,veg,Pan-Indian,"lunch, dinner",Urad ki dal,53.8,2.21,5.05,2.62,2.32,13.07,0.78,21.91,126.12,141.57,0.0,bowl,250.0,134.5
ASC160,Moti mahal dal (Urad rajmah mix dal),dish,veg,North Indian,"lunch, dinner",Urad rajmah mix dal,103.13,3.93,8.74,5.66,3.38,38.13,1.05,33.51,157.61,246.09,1.92,bowl,250.0,257.82
ASC161,Black channa curry/Bengal gram curry (Kale chane ki curry),dish,veg,North Indian,"lunch, dinner",Kale chane ki curry; Bengal gram curry,140.68,5.67,14.11,6.61,7.99,53.87,2.43,55.36,358.63,388.59,0.0,bowl,119.9,168.7
ASC162,Chickpeas curry (Safed channa curry),dish,veg,North Indian,"lunch, dinner",Safed channa curry,163.43,6.1,19.98,6.84,4.73,30.61,1.82,35.09,357.99,334.3,0.0,bowl,119.9,195.99
ASC163,Lobia curry,dish,veg,Pan-Indian,"lunch, dinner",,148.99,6.06,17.88,5.62,4.57,36.8,2.21,68.62,355.41,465.14,0.0,bowl,119.9,178.67
ASC164,Soyabean curry,dish,veg,Pan-Indian,"lunch, dinner",Nutrella ki sabzi,163.28,10.43,6.76,10.19,7.34,65.13,2.79,62.61,352.69,563.45,0.0,bowl,119.9,195.8
ASC165,Kidney bean curry (Rajmah curry),dish,veg,North Indian,"lunch, dinner",Rajmaa ,143.73,5.95,16.38,5.77,5.83,47.87,2.27,58.61,354.6,485.9,0.0,bowl,119.9,172.36
ASC167,Sambar,dish,veg,South Indian,"lunch, dinner",,96.92,3.35,10.57,4.38,3.52,30.24,1.24,32.16,159.54,298.29,0.0,bowl,250.0,242.3
ASC168,Besan kadhi with pakodies,dish,veg,North Indian,"lunch, dinner",Kadhi,403.35,1.64,3.56,42.59,0.81,24.53,0.38,8.75,60.8,70.21,0.94,bowl,250.0,1008.38
ASC169,Khatta channa,dish,veg,North Indian,"lunch, dinner",,202.57,6.3,21.14,10.56,5.26,40.77,1.94,38.76,513.32,344.78,0.0,bowl,157.1,318.15
ASC170,Sprouted moong dal chat,dish,veg,Pan-Indian,"lunch, dinner",,32.47,1.35,6.01,0.32,1.35,16.54,0.88,17.45,87.07,218.92,0.0,plate,256.5,83.3
ASC171,Potato cauliflower (Aloo gobhi),dish,veg,Pan-Indian,"lunch, dinner",Aloo gobhi/Aloo gobhi ki sabzi,106.18,1.9,5.99,8.13,3.02,22.87,1.07,25.22,254.76,378.78,0.0,bowl,175.7,186.61
ASC172,Potato capsicum (Shimla mirch aloo),dish,veg,Pan-Indian,"lunch, dinner",Shimla mirch aloo,125.53,1.41,8.72,9.33,2.02,16.45,0.86,22.01,277.92,364.15,0.0,bowl,150.8,189.24
ASC173,Cabbage and peas (Pattagobhi aur matar),dish,veg,Pan-Indian,"lunch, dinner",Pattagobhi aur matar,63.88,3.24,6.24,2.64,3.99,45.5,1.1,28.59,253.73,255.5,0.0,bowl,166.3,106.21
ASC174,Carrot and fenugreek leaves (Gajar methi),dish,veg,Pan-Indian,"lunch, dinner",Gajar methi,61.92,2.1,4.17,3.81,4.43,128.83,2.72,37.1,262.91,255.95,0.0,bowl,190.7,118.11
ASC175,Potato fenugreek (Aloo methi),dish,veg,Pan-Indian,"lunch, dinner",Aloo methi,135.15,2.25,8.47,10.04,2.93,107.8,2.53,38.24,221.93,370.24,0.0,bowl,204.2,276.04
ASC177,Brinjal bhartha (Baingan ka bhartha),dish,veg,Pan-Indian,"lunch, dinner",Baingan ka bhartha,65.12,1.38,4.4,4.48,3.27,17.85,0.48,20.02,132.15,222.05,0.0,bowl,250.0,162.8
ASC178,Dry potato (Sookhe aloo),dish,veg,Pan-Indian,"lunch, dinner",Sookhe aloo,103.15,1.62,14.38,4.18,1.88,17.2,0.83,26.89,199.99,531.41,0.0,bowl,105.7,109.08
ASC179,Beans with coconut (Nariyal aur sem/phali; Beans thoran),dish,veg,South Indian,"lunch, dinner",Nariyal aur sem/phali; Beans thoran,131.63,2.62,4.39,11.39,5.59,51.92,1.34,40.93,271.65,336.81,0.0,bowl,149.5,196.84
ASC180,Cauliflower with coconut (Nariyal ke saath phoolgobhi),dish,veg,South Indian,"lunch, dinner",Nariyal ke saath phoolgobhi,132.11,2.64,3.99,11.56,5.27,35.37,1.33,32.97,286.06,344.84,0.0,bowl,149.5,197.56
ASC181,Carrot and cabbage with coconut (Nariyal ke saath pattagobhi aur gajar),dish,veg,South Indian,"lunch, dinner",Nariyal ke saath pattagobhi aur gajar,106.61,1.82,4.99,8.62,4.52,48.63,0.84,26.35,219.6,278.73,0.0,bowl,199.5,212.74
ASC182,Raw turnip with coconut ,dish,veg,South Indian,"lunch, dinner",,132.15,1.8,5.78,11.47,2.79,50.65,0.82,22.89,275.55,312.07,0.0,bowl,149.5,197.61
ASC183,Raw papaya with coconut (Papaya thoran),dish,veg,South Indian,"lunch, dinner",Papaya thoran,132.75,1.54,5.58,11.42,4.31,33.74,0.82,27.59,270.56,240.52,0.0,bowl,149.5,198.51
ASC184,Stuffed okra (Bharwa bhindi),dish,veg,Pan-Indian,"lunch, dinner",Bharwa bhindi,94.34,2.08,3.85,7.66,4.15,86.89,1.18,64.47,210.03,265.83,0.0,bowl,110.5,104.25
ASC185,Stuffed round gourd (Bharwa tinde),dish,veg,Pan-Indian,"lunch, dinner",Bharwa tinde,72.8,1.1,4.02,5.75,2.1,20.21,0.59,18.75,180.15,132.68,0.0,bowl,248.2,180.72
ASC186,Stuffed capsicum (Bharwa shimla mirch),dish,veg,Pan-Indian,"lunch, dinner",Bharwa shimla mirch,90.94,1.34,8.26,5.7,2.01,15.17,0.61,18.8,173.94,312.57,0.0,capsicum,125.5,114.13
ASC187,Stuffed brinjal (Bharwa baingan),dish,veg,Pan-Indian,"lunch, dinner",Bharwa baingan,93.0,1.53,3.96,7.73,4.09,24.37,0.75,23.6,212.88,250.79,0.0,brinjal,55.4,51.5
ASC189,Stuffed tomatoes (Bharwa tamatar),dish,veg,Pan-Indian,"lunch, dinner",Bharwa tamatar,93.35,3.28,6.19,6.06,2.2,59.16,0.62,18.83,165.85,202.88,0.0,tomato,135.5,126.49
ASC190,Pea potato curry (Aloo matar),dish,veg,Pan-Indian,"lunch, dinner",Aloo matar,100.92,3.48,9.74,5.13,3.61,21.1,1.02,27.53,154.83,274.26,0.0,bowl,250.0,252.3
ASC191,Pea paneer curry (Matar paneer),dish,veg,North Indian,"lunch, dinner",Matar paneer,134.83,6.61,9.29,7.75,3.3,105.2,1.08,27.99,157.34,188.18,0.0,bowl,250.0,337.07
ASC192,Pea mushroom curry (Matar mushroom),dish,veg,Pan-Indian,"lunch, dinner",Matar mushroom,93.3,3.87,7.41,5.16,3.86,22.7,0.97,26.49,155.48,234.06,0.0,bowl,250.0,233.25
ASC193,Pea curry (Matar ki sabzi),dish,veg,Pan-Indian,"lunch, dinner",Matar ki sabzi,102.99,4.51,9.2,5.11,4.44,24.48,1.2,30.42,154.75,221.62,0.0,bowl,250.0,257.48
ASC194,Pea vadi curry,dish,veg,Pan-Indian,"lunch, dinner",,101.95,4.64,8.9,5.08,4.28,23.62,1.2,30.16,149.51,216.1,0.0,bowl,250.0,254.88
ASC195,Paneer curry,dish,veg,North Indian,"lunch, dinner",,176.52,7.8,8.4,12.38,1.4,189.06,0.81,21.83,216.09,142.72,0.0,bowl,202.3,357.15
ASC196,Lotus stem curry (Kamal kakdi curry),dish,veg,Pan-Indian,"lunch, dinner",Kamal kakdi curry,110.34,1.53,9.24,7.25,3.14,26.59,1.71,21.82,217.05,345.65,0.0,bowl,202.3,223.25
ASC197,Gravy for kofta,dish,veg,Pan-Indian,"lunch, dinner",,125.59,1.75,6.31,10.35,1.96,39.65,0.75,19.19,312.86,199.42,1.18,bowl,139.2,174.88
ASC198,Pea kofta curry (Matar kofta curry),dish,veg,Pan-Indian,"lunch, dinner",Matar kofta curry,595.66,2.01,4.17,63.39,1.7,13.84,0.56,12.23,83.07,88.85,0.21,bowl,250.0,1489.15
ASC199,Spinach kofta curry (Palak kofta curry),dish,veg,Pan-Indian,"lunch, dinner",Palak kofta curry,571.78,1.09,3.56,61.49,0.92,29.31,0.83,20.78,104.51,158.65,0.2,bowl,250.0,1429.45
ASC200,Paneer kofta curry,dish,veg,North Indian,"lunch, dinner",,670.91,2.39,3.27,72.06,0.4,59.49,0.34,7.07,121.72,48.29,0.24,bowl,250.0,1677.28
ASC201,Lotus stem kofta curry (Kamal kakdi kofta curry),dish,veg,Pan-Indian,"lunch, dinner",Kamal kakdi kofta curry,633.56,0.96,5.01,67.76,1.01,19.31,0.65,7.8,108.61,109.38,0.23,bowl,250.0,1583.9
ASC202,Raw banana kofta curry (Kela kofta curry),dish,veg,Pan-Indian,"breakfast, lunch, dinner",Kela kofta curry,627.27,0.62,3.4,67.98,0.59,9.23,0.28,6.84,88.4,71.35,0.23,bowl,250.0,1568.17
ASC203,Cauliflower kofta curry (Phoolgobhi kofta curry),dish,veg,Pan-Indian,"lunch, dinner",Phoolgobhi kofta curry,641.1,1.04,2.62,69.62,1.0,12.26,0.4,7.82,93.65,82.16,0.23,bowl,250.0,1602.75
ASC204,Cabbage kofta curry (Pattagobhi kofta curry),dish,veg,Pan-Indian,"lunch, dinner",Pattagobhi kofta curry,639.81,0.98,2.87,69.4,0.9,15.46,0.34,7.32,92.85,72.21,0.23,bowl,250.0,1599.53
ASC205,Ghiya/Lauki Kofta Curry,dish,veg,Pan-Indian,"lunch, dinner",Lauki Kofta Curry,638.71,0.89,2.71,69.4,0.83,11.64,0.33,6.58,91.43,60.75,0.23,bowl,250.0,1596.78
ASC206,Spinach paneer kofta curry (Palak paneer kofta curry),dish,veg,North Indian,"lunch, dinner",Palak paneer kofta curry,606.03,1.43,2.94,65.41,0.75,37.71,0.68,16.59,99.37,125.1,0.22,bowl,250.0,1515.08
ASC207,Vegetarian egg kofta curry,dish,egg,Pan-Indian,"lunch, dinner",,627.41,1.33,4.26,67.24,0.64,28.39,0.39,8.05,95.89,104.04,0.22,bowl,250.0,1568.53
ASC208,Baked vegetables,dish,veg,Pan-Indian,"lunch, dinner",,88.99,3.67,8.44,4.44,2.34,80.2,0.62,19.93,124.7,221.88,8.27,bowl,250.0,222.47
ASC209,Cauliflower musallam (Phoolgobhi musallam),dish,veg,Pan-Indian,"lunch, dinner",Phoolgobhi musallam,58.83,1.89,4.48,3.55,3.06,24.61,0.83,20.87,123.36,266.34,0.0,bowl,216.0,127.05
ASC210,Baked vegetables with spinach ,dish,veg,Pan-Indian,"lunch, dinner",,77.79,3.22,6.93,4.03,2.33,78.63,1.16,35.62,122.85,314.32,6.55,bowl,250.0,194.47
ASC211,Baked potato with skin ,dish,veg,Pan-Indian,"lunch, dinner",,135.77,3.43,11.11,8.5,1.2,90.06,0.5,21.18,354.5,392.71,21.72,bowl,78.4,106.41
ASC212,Shepherd's pie (vegetarian),dish,veg,Pan-Indian,"lunch, dinner",vegetarian,135.63,5.04,12.03,7.3,2.23,85.59,0.76,25.04,118.2,332.08,10.62,bowl,250.0,339.07
ASC213,Baked brinjal in tomato sauce,condiment,veg,Pan-Indian,"breakfast, lunch, high tea, dinner",,38.63,1.58,4.13,1.62,2.34,26.24,0.32,15.57,79.66,187.99,0.0,bowl,250.0,96.58
ASC214,Dum aloo,dish,veg,Pan-Indian,"lunch, dinner",,682.33,0.7,3.33,74.01,0.68,16.49,0.36,8.63,183.85,119.55,0.49,bowl,250.0,1705.83
ASC215,Spinach paneer (Palak paneer),dish,veg,North Indian,"lunch, dinner",Palak paneer,77.68,4.03,4.43,4.76,1.91,113.25,1.85,54.13,166.87,386.63,0.0,bowl,250.0,194.2
ASC216,Methi chaman,dish,veg,Pan-Indian,"lunch, dinner",,475.62,1.54,2.78,50.91,0.53,60.57,0.63,12.51,54.94,115.42,0.0,bowl,250.0,1189.05
ASC217,Sarson ka saag,dish,veg,North Indian,"lunch, dinner",,87.84,3.0,5.33,5.86,3.69,134.41,2.43,55.11,165.45,399.56,13.24,bowl,141.5,124.26
ASC218,Jackfruit sabzi (Kathal ki sabzi),dish,veg,Pan-Indian,"lunch, dinner",Kathal ki sabzi,625.4,0.69,3.4,67.6,1.02,9.85,0.27,8.88,58.95,80.75,0.0,bowl,250.0,1563.5
ASC219,Avial,dish,veg,Pan-Indian,"lunch, dinner",,124.56,2.46,8.47,8.94,5.44,31.9,1.01,36.4,81.5,378.3,0.0,bowl,250.0,311.4
ASC220,Al yakhani,dish,non-veg,Pan-Indian,"lunch, dinner",,147.54,2.86,4.65,13.14,1.27,103.88,0.46,18.73,206.24,198.35,4.74,bowl,232.0,342.3
ASC221,Shahi paneer,dish,veg,North Indian,"lunch, dinner",,156.5,5.06,6.64,12.34,1.4,125.38,0.62,18.29,215.35,170.6,23.7,bowl,250.0,391.25
ASC222,Paneer in butter sauce,condiment,veg,North Indian,"breakfast, lunch, high tea, dinner",Paneer Butter Masala,145.61,6.99,9.7,8.81,1.5,170.59,0.85,23.01,151.45,158.34,9.9,bowl,156.8,228.3
ASC223,Methi malai paneer,dish,veg,North Indian,"lunch, dinner",,194.98,7.34,8.15,14.76,1.47,183.96,0.77,22.08,221.16,125.72,7.11,bowl,193.4,377.04
ASC224,Chilli paneer,dish,veg,Indo-Chinese,"lunch, dinner",,777.51,2.1,3.31,84.01,0.5,42.9,0.36,8.81,89.04,54.25,0.34,bowl,250.0,1943.78
ASC225,Paneer makhana korma,dish,veg,North Indian,"lunch, dinner",,775.82,3.24,4.63,82.76,0.21,72.89,0.55,20.51,77.01,95.39,1.58,bowl,250.0,1939.55
ASC226,Kadhai Paneer,dish,veg,North Indian,"lunch, dinner",,107.99,4.33,7.34,6.81,2.07,91.53,0.65,22.4,144.33,290.81,0.0,bowl,250.0,269.98
ASC227,Roghan josh,dish,non-veg,Pan-Indian,"lunch, dinner",,139.59,9.56,4.93,9.02,2.08,112.33,1.77,21.0,204.31,294.04,1.4,bowl,236.0,329.44
ASC228,Spinach mutton (Palak mutton),dish,non-veg,Pan-Indian,"lunch, dinner",Palak mutton,80.32,5.74,3.45,4.71,2.23,96.88,2.38,54.93,121.1,464.28,0.68,bowl,250.0,200.8
ASC229,Pea keema curry (Matar keema ki sabzi),dish,non-veg,Pan-Indian,"lunch, dinner",Matar keema ki sabzi,133.0,8.43,6.24,8.14,2.96,35.6,1.35,27.29,148.38,252.63,22.87,bowl,250.0,332.5
ASC230,Keema kofta curry,dish,non-veg,Pan-Indian,"lunch, dinner",,154.45,9.77,5.64,10.39,1.51,49.89,1.25,22.07,311.51,251.56,57.79,kofta,41.3,63.82
ASC231,Kashmiri mutton koftas (Gushtaba),dish,non-veg,Pan-Indian,"lunch, dinner",Gushtaba,97.42,6.33,3.04,6.77,0.62,52.53,0.85,15.88,130.11,171.55,25.31,gushtaba,200.0,194.84
ASC232,Mutton yakhni,dish,non-veg,Pan-Indian,"lunch, dinner",,104.13,8.27,0.84,7.7,0.67,88.61,1.66,8.54,101.02,154.3,0.0,bowl,232.1,241.73
ASC233,Chicken yakhni,dish,non-veg,Pan-Indian,"lunch, dinner",,99.0,10.66,0.78,6.1,0.62,28.24,0.93,17.47,97.38,175.38,29.29,bowl,250.0,247.5
ASC234,Mutton do piaza,dish,non-veg,Pan-Indian,"lunch, dinner",,183.3,9.39,4.14,14.41,1.93,118.61,1.63,18.38,118.62,240.92,77.86,bowl,250.0,458.25
ASC236,Mutton chops,dish,non-veg,Pan-Indian,"lunch, dinner",,663.64,4.03,1.48,71.31,0.17,36.18,0.64,2.32,51.03,70.56,13.32,chop,180.0,1194.55
ASC237,Shammi kebab,dish,non-veg,Pan-Indian,"lunch, dinner",,685.69,4.52,3.54,72.61,1.05,13.11,0.75,11.03,54.27,110.92,24.6,kabab,171.2,1173.95
ASC238,Scotch egg,dish,egg,Continental,"lunch, dinner",,676.89,4.05,1.91,72.62,0.36,15.03,0.6,6.8,90.67,72.34,48.59,piece,342.5,2318.05
ASC239,Shepherd's pie (with minced meat),dish,non-veg,Continental,"lunch, dinner",with minced meat,142.78,7.45,8.06,8.88,1.05,21.3,0.84,20.37,197.25,357.88,33.31,dish,187.6,267.88
ASC240,Chicken curry,dish,non-veg,Pan-Indian,"lunch, dinner",,129.22,11.79,3.38,7.57,1.41,27.29,0.87,21.89,108.0,253.49,31.25,bowl,247.9,320.38
ASC241,Tandoori chicken,dish,non-veg,North Indian,"lunch, dinner",,145.2,16.26,2.34,7.93,0.5,44.33,0.9,22.02,158.0,287.21,44.25,chicken,200.0,290.4
ASC242,Butter chicken,dish,non-veg,North Indian,"lunch, dinner",,137.0,10.92,3.74,8.7,1.32,25.28,0.92,23.27,26.21,319.53,39.26,large piece,275.2,377.04
ASC243,Chicken kebab,dish,non-veg,Pan-Indian,"lunch, dinner",,729.41,3.71,1.11,78.89,0.21,3.46,0.28,5.24,69.76,62.67,9.94,kabab,123.9,903.73
ASC244,Chilli chicken,dish,non-veg,Indo-Chinese,"lunch, dinner",,198.83,9.57,2.86,16.56,0.99,12.97,0.66,16.48,223.75,207.3,23.87,bowl,250.0,497.07
ASC245,Fried chicken with tomato sauce (Fried chicken tamatar ki chutney kay saath),condiment,non-veg,Pan-Indian,"breakfast, lunch, high tea, dinner",Fried chicken tamatar ki chutney kay saath,125.03,11.48,2.51,7.61,1.13,16.09,0.64,17.77,107.56,242.34,31.09,piece,123.8,154.73
ASC246,Fish curry (Machli curry),dish,non-veg,Pan-Indian,"lunch, dinner",Machli curry,111.13,8.76,3.77,6.69,1.89,52.06,1.09,24.11,184.71,241.98,19.22,bowl,250.0,277.82
ASC247,Fried fish (Indian style) (Tali hui machli),dish,non-veg,Pan-Indian,"lunch, dinner",Indian style; Tali hui machli,658.54,4.35,5.4,68.88,0.61,11.11,0.56,10.23,156.94,75.49,6.57,piece,353.5,2327.95
ASC248,Fried fish and Chips (English Style) (Tali hui machli aur chips),dish,non-veg,Pan-Indian,"lunch, dinner",English Style; Tali hui machli aur chips,651.75,3.36,2.77,69.69,0.29,6.56,0.26,8.05,72.73,90.72,12.51,fillet,180.0,1173.15
ASC249,Tomato fish,dish,non-veg,Pan-Indian,"lunch, dinner",,489.79,2.39,3.18,51.91,0.72,6.46,0.24,9.64,91.47,115.54,5.17,bowl,250.0,1224.47
ASC250,Baked fish with cheese sauce,condiment,non-veg,Pan-Indian,"breakfast, lunch, high tea, dinner",,113.96,8.64,4.06,7.02,0.08,115.64,0.26,16.84,209.48,158.51,21.37,bowl,250.0,284.9
ASC251,Fish tikka,dish,non-veg,Pan-Indian,"lunch, dinner",,117.33,16.0,3.91,4.15,1.18,31.98,1.41,35.5,503.44,296.43,32.73,piece,35.5,41.65
ASC252,Tandoori fish,dish,non-veg,North Indian,"lunch, dinner",,95.98,11.19,2.37,4.64,0.58,37.27,0.46,24.8,123.94,226.36,23.41,piece,233.6,224.23
ASC253,"Paneer, apple and pineapple salad",dish,veg,Continental,"lunch, dinner",,95.08,3.88,8.35,5.07,1.65,103.05,0.84,22.73,176.63,185.05,6.52,bowl,250.0,237.7
ASC254,Russian salad,dish,veg,Continental,"lunch, dinner",,114.83,4.26,6.5,7.84,2.57,34.92,1.23,24.52,101.09,254.54,64.49,bowl,250.0,287.07
ASC255,Pasta salad,dish,veg,Continental,"lunch, dinner",,190.36,4.15,12.7,13.92,0.96,66.74,0.81,20.16,152.31,162.16,12.7,bowl,215.7,410.7
ASC256,Deviled egg,dish,egg,Continental,"lunch, dinner",,98.56,4.97,2.23,7.72,1.15,36.84,1.51,21.3,117.29,185.41,118.13,egg,159.8,157.45
ASC257,Hawain salad,dish,veg,Continental,"lunch, dinner",,175.23,4.27,14.35,11.37,3.93,61.03,1.12,27.74,64.92,204.64,4.24,bowl,250.0,438.07
ASC258,Mixed pulse and vegetable salad,dish,veg,Pan-Indian,"lunch, dinner",,83.12,4.74,13.96,0.84,2.96,51.63,2.13,49.99,127.78,442.65,0.0,bowl,169.9,141.23
ASC259,Sprouted moong salad ,dish,veg,Pan-Indian,"lunch, dinner",,37.81,2.29,5.48,0.74,0.95,54.56,1.45,22.92,116.38,254.18,1.62,bowl,203.7,77.03
ASC260,Tossed salad,dish,veg,Pan-Indian,"lunch, dinner",,62.96,1.02,4.95,4.22,2.15,32.37,0.86,17.76,77.5,232.98,0.0,bowl,250.0,157.4
ASC261,Mixed vegetable salad with curd sauce,condiment,veg,Pan-Indian,"breakfast, lunch, high tea, dinner",,60.28,4.23,7.03,1.5,3.79,65.51,1.35,32.94,116.66,267.24,4.09,bowl,215.4,129.86
ASC262,Potato salad (Aloo ka salaad),dish,veg,Pan-Indian,"lunch, dinner",Aloo ka salaad,89.91,1.4,11.19,4.4,1.32,25.61,0.99,21.31,125.01,347.45,0.0,bowl,236.0,212.18
ASC263,Waldroff salad,dish,veg,Continental,"lunch, dinner",,141.75,1.47,11.02,10.05,1.87,29.29,1.07,19.23,13.42,192.86,9.87,bowl,246.5,349.42
ASC264,Coleslaw,dish,veg,Continental,"lunch, dinner",,76.71,1.24,5.59,5.32,2.34,37.0,0.63,13.13,29.87,207.7,6.42,bowl,152.5,116.99
ASC265,Fruit salad (Phalon ka salaad),dish,veg,Pan-Indian,"lunch, dinner",Phalon ka salaad,78.14,0.91,15.96,1.22,1.58,25.93,0.81,17.56,7.11,178.27,2.71,bowl,250.0,195.35
ASC266,Mayonnaise,dish,veg,Continental,"lunch, dinner",,774.86,1.86,1.65,84.52,0.11,15.36,0.51,3.69,272.89,23.47,117.12,1 katori,150.0,1162.29
ASC267,Low calorie quick mayonnaise,dish,veg,Continental,"lunch, dinner",,242.89,1.41,4.71,24.35,0.06,6.47,0.25,2.55,165.94,19.66,35.67,1 katori,150.0,364.34
ASC268,Thousand island dressing,condiment,veg,Continental,"breakfast, lunch, high tea, dinner",,407.87,1.37,4.49,42.87,0.46,9.11,0.45,6.67,946.1,97.94,34.0,1 katori,150.0,611.8
ASC269,Tomato onion raita (Tamatar aur pyaaz ka raita),dish,veg,Pan-Indian,"lunch, dinner",Tamatar aur pyaaz ka raita,59.0,3.74,7.08,1.84,0.97,120.62,0.26,18.22,165.21,237.73,6.19,bowl,177.7,104.83
ASC270,Peanut raita (Mungfali ka raita),dish,veg,Pan-Indian,"lunch, dinner",Mungfali ka raita,150.39,8.59,9.3,8.98,1.89,174.6,0.74,49.52,235.83,351.78,8.97,bowl,122.7,184.48
ASC271,Sprouted moong raita ,dish,veg,Pan-Indian,"lunch, dinner",,60.89,4.62,6.13,2.19,0.16,139.44,0.86,18.57,189.2,208.77,7.21,bowl,152.7,92.97
ASC272,Bottle gourd raita (Ghiya/Lauki ka raita),dish,veg,Pan-Indian,"lunch, dinner",Ghiya/Lauki ka raita,56.31,3.98,5.76,2.07,0.85,138.26,0.23,17.56,188.37,234.32,7.21,bowl,152.7,85.96
ASC273,Cucumber raita (Kheere ka raita),dish,veg,Pan-Indian,"high tea, lunch, dinner",Kheere ka raita,59.13,4.04,6.35,2.08,0.86,138.58,0.29,20.66,189.96,253.64,7.21,bowl,152.7,90.27
ASC274,Carrot and spinach raita (Gajar aur palak ka raita),dish,veg,Pan-Indian,"lunch, dinner",Gajar aur palak ka raita,56.83,4.0,5.83,1.99,1.39,142.57,1.04,38.85,180.79,380.75,6.19,bowl,177.7,100.96
ASC275,Mint raita (Pudinay ka raita),dish,veg,Pan-Indian,"lunch, dinner",Pudinay ka raita,77.59,5.64,7.65,2.96,0.34,198.22,0.37,22.5,274.38,292.83,10.51,bowl,104.7,81.21
ASC276,Potato raita (Aloo ka raita),dish,veg,Pan-Indian,"lunch, dinner",Aloo ka raita,75.38,4.22,10.24,2.04,0.75,132.31,0.34,21.94,183.37,376.28,6.98,bowl,157.7,118.85
ASC277,Boondi raita,dish,veg,Pan-Indian,"lunch, dinner",Boondi wala Raita,687.72,2.19,3.96,73.83,0.46,49.0,0.24,7.4,99.18,79.71,2.51,bowl,250.0,1719.3
ASC278,Sweet raita (Meetha raita),dish,veg,Pan-Indian,"lunch, dinner",Meetha raita,99.24,3.24,17.93,1.78,1.02,108.91,0.21,16.72,42.98,233.29,5.73,bowl,192.0,190.55
ASC279,Dahi vadas/Dahi bhalla,dish,veg,Pan-Indian,high tea,Dahi bhalla,667.73,2.96,5.49,70.4,0.97,49.03,0.49,17.84,79.0,152.37,2.39,vada,172.2,1150.16
ASC280,Gunjia,dish,veg,Pan-Indian,"lunch, dinner",Gujiya,667.34,2.98,5.68,70.28,1.13,48.16,0.5,17.83,77.9,154.16,2.36,gunjia,174.8,1166.18
ASC281,Saunth/Sonth chutney with tamarind/imli,condiment,veg,Pan-Indian,"breakfast, lunch, high tea, dinner",Sonth chutney with tamarind; imli,141.53,1.01,33.55,0.15,0.93,54.74,2.71,46.27,244.38,267.27,0.0,teaspoon,17.7,25.05
ASC282,Rice kheer (Chawal ki kheer),dish,veg,Pan-Indian,"high tea, lunch, dinner",Chawal ki kheer,75.03,2.3,10.05,2.97,0.17,75.57,0.17,7.33,16.24,83.08,0.0,bowl,250.0,187.57
ASC283,Makhana kheer,dish,veg,Pan-Indian,high tea,,107.85,3.31,12.88,5.0,0.11,111.64,0.28,13.39,23.4,139.35,1.77,bowl,250.0,269.62
ASC285,Vermicelli kheer (Semiya/Seviyan ki kheer),dish,veg,Pan-Indian,high tea,Semiya/Seviyan ki kheer,120.07,3.35,15.87,5.0,0.5,104.8,0.3,10.67,22.52,116.57,2.12,bowl,232.4,279.08
ASC286,Semolina kheer (Suji/Rava kheer),dish,veg,Pan-Indian,high tea,Suji/Rava kheer,113.21,3.43,15.88,4.2,0.51,105.99,0.34,10.71,22.66,122.23,0.0,bowl,230.4,260.87
ASC287,Paneer kheer,dish,veg,North Indian,"high tea, lunch, dinner",,105.31,4.53,10.03,5.37,0.07,144.66,0.26,10.91,23.81,112.75,0.0,bowl,250.0,263.27
ASC288,Cabbage kheer (Pattagobhi ki kheer),dish,veg,Pan-Indian,high tea,Pattagobhi ki kheer,83.51,2.87,9.73,3.8,0.51,102.74,0.24,10.99,22.67,136.05,0.0,bowl,250.0,208.78
ASC289,Carrot kheer (Gajar ki kheer),dish,veg,Pan-Indian,high tea,Gajar ki kheer,85.35,2.81,10.09,3.85,0.73,100.12,0.28,10.8,28.54,142.34,0.0,bowl,250.0,213.38
ASC290,Cauliflower kheer (Phoolgobhi ki kheer),dish,veg,Pan-Indian,high tea,Phoolgobhi ki kheer,81.95,3.04,8.78,3.95,0.55,101.75,0.3,11.22,25.19,145.2,0.0,bowl,250.0,204.88
ASC291,Moong dal kheer,dish,veg,Pan-Indian,"high tea, lunch, dinner",,77.16,2.95,9.89,2.97,0.4,75.66,0.28,11.91,16.34,123.56,0.0,bowl,250.0,192.9
ASC292,Phirni,dish,veg,Pan-Indian,"lunch, dinner",,116.12,3.49,16.11,4.34,0.36,104.57,0.23,11.53,22.47,114.51,0.0,bowl,250.0,290.3
ASC293,Semolina halwa (Suji ka halwa),dish,veg,Pan-Indian,high tea,Suji ka halwa,225.65,2.16,24.67,13.38,1.86,11.77,0.65,13.08,1.28,70.46,30.82,bowl,159.6,360.18
ASC294,Shahi suji halwa,dish,veg,Pan-Indian,high tea,,382.34,3.48,44.44,21.73,2.96,18.64,0.98,20.88,2.18,99.83,50.05,bowl,98.3,375.84
ASC295,Carrot halwa (Gajar ka halwa),dish,veg,Pan-Indian,high tea,Gajar ka halwa,172.64,3.11,18.53,9.73,2.65,106.94,0.76,22.98,39.96,249.93,14.66,bowl,167.8,289.71
ASC296,Egg halwa (Ande ka halwa),dish,egg,Pan-Indian,high tea,Ande ka halwa,299.74,7.85,39.59,13.41,0.49,35.77,1.45,7.93,83.04,119.03,204.93,bowl,96.5,289.25
ASC297,Potato halwa (Aloo ka halwa),dish,veg,Pan-Indian,high tea,Aloo ka halwa,151.66,1.53,29.18,3.48,1.64,14.15,0.63,25.15,4.23,451.73,6.23,bowl,158.0,239.69
ASC298,Pumpkin halwa (Kaddu ka halwa),dish,veg,Pan-Indian,high tea,Kaddu ka halwa,190.27,1.33,27.6,8.81,2.97,24.34,0.63,19.35,8.09,235.46,9.52,bowl,155.0,295.0
ASC299,Moong dal halwa,dish,veg,Pan-Indian,"high tea, lunch, dinner",,349.8,8.35,40.23,17.68,2.65,110.4,1.51,46.78,11.19,386.87,34.81,bowl,95.4,333.68
ASC300,Caramel custard (steamed),dish,veg,Continental,high tea,steamed,121.58,4.97,15.02,4.87,0.0,88.12,0.51,8.22,43.57,105.29,78.88,bowl,232.0,282.06
ASC301,Baked custard,dish,veg,Continental,high tea,,106.53,5.41,9.45,5.3,0.0,95.32,0.54,8.82,47.13,114.36,85.92,bowl,213.0,226.9
ASC302,Soft Custard (stirred),dish,veg,Continental,high tea,stirred,109.18,5.01,11.19,5.07,0.0,95.82,0.49,8.73,122.17,111.75,73.35,bowl,249.5,272.41
ASC304,Chocolate ice cream,dish,veg,Continental,high tea,,177.7,4.47,15.41,11.25,0.0,84.24,0.47,13.63,36.79,118.05,68.26,ice-cream cup,150.0,266.55
ASC305,Mango ice cream,dish,veg,Continental,high tea,,125.69,3.4,11.14,7.62,0.52,67.17,0.39,9.6,29.13,115.29,55.21,ice-cream cup,150.0,188.53
ASC307,Fruit Ice cream (Phalon ka Ice cream),dish,veg,Continental,high tea,Phalon ka Ice cream,171.46,4.37,16.05,10.38,0.33,93.35,0.36,6.73,38.78,119.98,17.12,ice-cream cup,150.0,257.19
ASC308,Caramel ice cream,dish,veg,Continental,high tea,,173.52,4.31,14.81,11.15,0.08,87.32,0.35,11.98,33.47,105.17,54.79,ice-cream cup,150.0,260.28
ASC309,Lemon souffle,dish,veg,Continental,high tea,,168.51,6.95,13.43,10.02,0.0,59.81,0.56,7.4,50.73,88.44,100.42,souffle cup,200.0,337.02
ASC310,Orange souffle,dish,veg,Continental,high tea,,168.28,6.8,14.2,9.73,0.22,59.04,0.65,8.23,49.22,101.26,97.54,souffle cup,200.0,336.56
ASC311,Vanilla souffle,dish,veg,Continental,high tea,,187.85,7.71,14.78,11.19,0.0,70.6,0.58,7.7,56.73,90.16,109.43,souffle cup,200.0,375.7
ASC312,Chocolate souffle,dish,veg,Continental,high tea,,189.32,7.88,14.74,11.36,0.0,71.55,0.71,14.67,56.07,109.25,108.18,souffle cup,200.0,378.64
ASC313,Pineapple souffle ,dish,veg,Continental,high tea,,196.14,8.06,15.52,11.72,0.0,67.23,0.61,7.64,59.17,88.17,117.82,souffle cup,200.0,392.28
ASC314,Apple mousse,dish,veg,Continental,high tea,,106.92,4.21,12.77,4.27,1.6,33.76,0.48,8.41,28.79,109.32,57.67,bowl,250.0,267.3
ASC315,Rich chocolate mousse,dish,veg,Continental,high tea,,188.26,7.96,10.84,12.19,0.0,54.59,0.97,26.66,51.71,128.77,111.71,cup,200.0,376.52
ASC316,Mango mousse,dish,veg,Continental,high tea,,124.98,3.21,9.14,8.47,0.88,51.38,0.35,10.48,19.62,113.71,23.66,cup,200.0,249.96
ASC317,Orange and pineapple cream,dish,veg,Continental,"lunch, dinner",,101.18,1.44,11.96,5.43,1.03,35.0,0.41,8.47,10.17,114.98,15.43,bowl,89.1,90.18
ASC318,Charlotte rousse,dish,veg,Continental,"lunch, dinner",,188.29,3.95,34.08,4.78,1.01,34.95,0.53,9.65,56.45,92.26,47.04,bowl,250.0,470.73
ASC319,Triffle pudding,dish,veg,Continental,high tea,,116.97,2.93,18.24,3.93,0.12,48.72,0.47,8.37,26.95,99.9,36.95,bowl,250.0,292.43
ASC320,Snow flakes pudding,dish,veg,Continental,high tea,,95.21,4.67,8.07,4.97,0.03,101.33,0.42,8.74,39.6,115.36,57.55,bowl,250.0,238.03
ASC321,Kulfi,dish,veg,Pan-Indian,"lunch, dinner",,98.43,3.21,11.3,4.7,0.12,111.86,0.2,10.63,23.97,114.04,0.0,kulfi,100.0,98.43
ASC322,Steamed orange pudding,dish,veg,Continental,high tea,,278.03,2.34,41.53,12.04,0.58,21.15,0.55,11.23,79.1,108.76,31.86,large slice,107.5,298.77
ASC323,Meringue and rice pudding,dish,veg,Continental,"high tea, lunch, dinner",,112.93,4.84,14.6,4.05,0.17,85.43,0.37,8.94,44.16,110.88,40.85,bowl,224.0,252.96
ASC324,Cheese pudding,dish,veg,Continental,high tea,,285.01,11.29,19.27,18.37,0.05,226.11,0.87,19.03,37.83,81.7,99.76,large slice,120.6,343.59
ASC325,Chocolate pudding,dish,veg,Continental,high tea,,211.96,3.55,29.59,9.48,0.53,64.56,0.6,12.04,171.36,79.22,46.25,large slice,165.7,351.2
ASC326,Bread and butter pudding ,dish,veg,Continental,high tea,,167.94,5.59,19.63,7.88,0.98,105.54,0.9,19.86,96.3,155.43,55.29,plate,123.2,206.85
ASC327,Queen of pudding,dish,veg,Continental,high tea,,132.92,5.51,16.35,5.38,0.27,78.26,0.53,9.24,85.59,107.57,60.59,large slice,325.8,432.99
ASC328,Pineapple upside down pudding,dish,veg,Continental,high tea,,257.73,3.15,35.73,11.91,0.8,26.05,0.68,10.27,74.52,81.05,62.13,large slice,133.6,344.4
ASC329,Date and nut pie,dish,veg,Continental,"lunch, dinner",,322.42,3.93,46.86,13.31,4.13,34.69,1.54,40.61,3.87,291.15,18.85,bowl,226.0,728.66
ASC330,Stewed apple with custard,dish,veg,Continental,high tea,,92.87,1.27,18.36,1.82,1.01,49.24,0.18,6.11,16.66,82.79,0.0,piece,283.5,263.29
ASC331,Apple snowballs,dish,veg,Continental,"lunch, dinner",,101.51,0.86,24.58,0.31,1.25,9.43,0.18,4.93,12.8,70.07,0.0,piece,259.5,263.42
ASC332,Hot orange souffle,dish,veg,Continental,high tea,,179.97,6.87,18.77,8.95,0.29,53.81,1.03,9.92,58.8,114.96,160.48,bowl,122.0,219.56
ASC333,Hot chocolate souffle,dish,veg,Continental,high tea,,226.09,6.7,26.21,11.1,0.12,60.19,1.08,17.64,54.11,125.67,138.51,bowl,142.0,321.05
ASC334,Hot vanilla souffle,dish,veg,Continental,high tea,,192.93,6.87,21.77,9.07,0.13,63.2,0.93,9.22,59.59,105.25,153.55,bowl,127.5,245.99
ASC335,Plain burfi (Burfi),dish,veg,Pan-Indian,high tea,Burfi,408.32,9.82,30.88,27.96,0.17,355.78,1.5,38.12,31.65,325.37,38.12,burfi,43.6,177.85
ASC336,Coconut burfi (Nariyal ki burfi),dish,veg,South Indian,high tea,Nariyal ki burfi,467.64,8.81,32.15,34.63,3.5,272.81,1.82,47.2,27.63,401.32,29.26,burfi,56.7,265.38
ASC337,Bottle gourd burfi (Ghiya/Lauki burfi),dish,veg,Pan-Indian,high tea,Ghiya/Lauki burfi,275.96,5.86,24.51,17.68,0.73,215.85,0.93,24.42,18.15,229.64,26.43,burfi,72.1,199.03
ASC338,Chocolate burfi,dish,veg,Pan-Indian,high tea,,339.33,13.0,33.15,17.86,0.0,466.48,2.12,57.02,39.32,449.04,3.78,burfi,32.5,110.28
ASC339,Cashewnut burfi (Kaju burfi/Kaju katli),dish,veg,Pan-Indian,high tea,Kaju burfi/Kaju katli,421.74,5.48,37.92,28.46,1.12,12.95,1.79,89.83,4.23,186.05,38.62,burfi,28.7,120.9
ASC340,Gram flour burfi (Besan burfi),dish,veg,Pan-Indian,high tea,Besan burfi,421.79,11.19,46.59,22.41,3.41,160.71,1.47,35.67,13.02,226.63,40.13,burfi,38.3,161.6
ASC341,Semolina ladoo with khoya (Suji/Rava aur khoye ke ladoo ),dish,veg,Pan-Indian,high tea,Suji/Rava aur khoye ke ladoo ,428.71,6.71,52.86,21.86,4.68,106.42,1.73,32.29,14.4,259.35,27.87,ladoo,29.4,126.12
ASC342,Semolina ladoo with coconut (Suji/Rava aur nariyal ke ladoo ),dish,veg,South Indian,high tea,Suji/Rava aur nariyal ke ladoo ,464.43,5.68,50.9,27.03,6.69,26.72,1.83,34.77,9.06,264.85,33.81,ladoo,36.4,168.94
ASC343,Gram flour ladoo (Besan ladoo),dish,veg,Pan-Indian,high tea,Besan ladoo,476.91,8.93,62.61,22.76,4.43,25.35,1.51,26.77,5.48,142.26,52.34,ladoo,35.2,168.11
ASC344,Sesame ladoo (Til ke ladoo),dish,veg,Pan-Indian,high tea,Til ke ladoo,396.96,10.7,43.5,19.64,7.72,631.82,8.94,221.36,18.55,430.91,0.0,ladoo,27.5,109.16
ASC345,Chenna murki,dish,veg,Pan-Indian,"lunch, dinner",,252.69,10.46,36.01,8.2,0.0,266.85,0.55,15.32,11.4,65.45,0.0,bowl,90.1,227.74
ASC346,Milk cake,dish,veg,Pan-Indian,"breakfast, high tea",,127.41,3.01,9.13,8.93,0.06,104.94,0.2,7.48,24.97,109.26,11.56,slice,287.2,365.98
ASC347,Ghujia/Lavang latika,dish,veg,Pan-Indian,"lunch, dinner",Lavang latika,768.98,1.86,13.0,78.93,0.52,31.01,0.44,7.25,3.28,54.27,4.62,gunjia,106.5,818.71
ASC348,Gulab Jamun with khoya,dish,veg,Pan-Indian,high tea,,586.06,2.03,26.09,53.23,0.07,67.32,0.39,7.51,15.09,62.61,0.0,gulab jamun,156.7,918.46
ASC349,Mal pua,dish,veg,Pan-Indian,"lunch, dinner",,566.68,1.71,17.56,54.64,0.62,30.05,0.33,5.77,6.35,47.87,0.0,malqura,149.6,847.94
ASC350,Shahi tukre,dish,veg,Pan-Indian,"lunch, dinner",,189.81,2.76,41.46,2.54,0.51,76.47,0.37,9.18,71.04,74.06,0.0,tukra,101.9,193.43
ASC351,Potato pakora/pakoda (Aloo pakoda),dish,veg,Pan-Indian,high tea,Aloo pakoda; pakoda,677.19,1.9,6.04,71.84,1.03,6.59,0.38,7.85,63.38,90.01,0.0,plate,300.0,2031.57
ASC352,Onion pakora/pakoda (Pyaaz ke pakode),dish,veg,Pan-Indian,high tea,Pyaaz ke pakode; pakoda,674.61,1.9,5.41,71.84,1.11,7.95,0.36,7.13,63.55,46.12,0.0,plate,300.0,2023.83
ASC353,Cauliflower pakora/pakoda (Phoolgobhi ke pakode),dish,veg,Pan-Indian,high tea,Phoolgobhi ke pakode; pakoda,671.63,1.98,4.52,71.86,1.26,8.44,0.42,7.73,66.54,64.86,0.0,plate,300.0,2014.89
ASC354,Mixed vegetable pakora/pakoda,dish,veg,Pan-Indian,high tea,pakoda,673.81,1.94,5.12,71.86,1.13,9.55,0.46,9.51,65.35,75.24,0.0,plate,300.0,2021.43
ASC355,Spinach pakora/pakoda (Palak pakoda),dish,veg,Pan-Indian,high tea,Palak pakoda; pakoda,712.62,1.96,4.68,76.38,1.02,10.99,0.52,10.79,69.54,66.87,0.0,plate,300.0,2137.86
ASC356,Methi pakora/pakoda (Methi ke pakode),dish,veg,Pan-Indian,high tea,Methi ke pakode; pakoda,713.25,2.06,4.68,76.39,1.18,23.07,0.69,9.33,69.83,41.72,0.0,plate,300.0,2139.75
ASC357,Egg pakora/pakoda (Ande ke pakode),dish,egg,Pan-Indian,high tea,Ande ke pakode; pakoda,710.51,2.83,4.48,75.86,0.86,9.55,0.47,6.16,75.37,37.75,28.39,plate,300.0,2131.53
ASC358,Bread pakora/pakoda,dish,veg,Pan-Indian,high tea,pakoda,710.99,2.57,8.87,74.2,1.11,19.83,0.46,7.17,101.49,38.92,0.0,plate,300.0,2132.97
ASC359,Paneer pakora/pakoda,dish,veg,North Indian,"high tea, lunch, dinner",pakoda,718.12,3.27,5.52,76.05,0.89,43.38,0.43,7.7,131.7,33.87,0.0,plate,300.0,2154.36
ASC360,Potato bonda (Aloo bonda),dish,veg,Pan-Indian,"lunch, dinner",Aloo bonda,632.84,1.09,4.53,67.8,0.83,6.79,0.37,9.02,132.53,105.94,0.0,bonda,179.2,1134.09
ASC361,Potato samosa (Aloo ka samosa),dish,veg,Pan-Indian,high tea,Aloo ka samosa,577.39,1.71,9.21,59.19,1.19,7.63,0.5,11.38,77.1,137.5,2.33,samosa,140.9,813.76
ASC362,Minced meat samosa (Keema ka samosa),dish,non-veg,Pan-Indian,high tea,Keema ka samosa,620.99,4.43,6.14,64.26,0.39,6.7,0.55,7.78,88.64,81.99,16.71,samosa,134.9,837.51
ASC363,Paneer and pea samosa (Paneer matar ka samosa),dish,veg,North Indian,"high tea, lunch, dinner",Paneer matar ka samosa,623.81,4.02,8.55,63.65,1.02,64.56,0.53,11.02,78.18,52.58,0.0,samosa,134.9,841.31
ASC364,Mathri,dish,veg,Pan-Indian,high tea,,805.12,1.75,12.32,83.1,0.6,5.23,0.43,5.79,64.7,30.35,0.0,kachori,87.2,702.18
ASC365,Khasta kachori,dish,veg,Pan-Indian,high tea,,712.73,2.51,12.81,72.27,0.97,7.84,0.59,12.9,90.56,78.13,0.0,kachori,100.7,717.57
ASC366,Vegetable cutlet,dish,veg,Pan-Indian,high tea,,665.45,1.25,4.68,71.33,0.93,13.55,0.4,8.02,85.38,103.14,6.77,cutlet,150.0,998.17
ASC367,Flattened rice cutlet (Chirwa cutlet/Chivda cutlet/Poha cutlet),dish,veg,West Indian,"breakfast, high tea, lunch, dinner",Chirwa cutlet/Chivda cutlet/Poha cutlet,701.71,1.76,7.39,73.89,0.86,9.17,0.59,14.57,76.65,119.47,6.9,cutlet,150.0,1052.57
ASC368,Peanut cutlet (Mungfali ke cutlet),dish,veg,Pan-Indian,high tea,Mungfali ke cutlet,698.77,2.63,5.68,74.0,1.21,14.38,0.56,20.0,84.24,143.3,6.75,cutlet,150.0,1048.15
ASC369,Fish cutlet (Machli ka cutlet),dish,non-veg,Pan-Indian,"high tea, lunch, dinner",Machli ka cutlet,654.64,2.77,3.13,70.11,0.54,10.44,0.36,9.02,75.33,109.15,11.02,cutlet,150.0,981.96
ASC370,Paneer potato cutlet (Paneer aloo cutlet),dish,veg,North Indian,"high tea, lunch, dinner",Paneer aloo cutlet,672.94,2.47,5.23,71.4,0.41,45.36,0.38,7.27,85.71,96.72,13.33,cutlet,150.0,1009.41
ASC371,Spinach chickpeas cutlet (Palak channa dal cutlet),dish,veg,North Indian,"high tea, lunch, dinner",Palak channa dal cutlet,688.03,1.44,4.93,73.6,0.93,11.3,0.57,11.84,79.13,144.62,6.98,cutlet,150.0,1032.05
ASC372,Cheese toast,dish,veg,Pan-Indian,high tea,,785.37,1.98,5.49,84.11,0.31,43.87,0.31,4.08,121.05,26.04,11.55,toast,145.0,1138.78
ASC375,Vegetable burger,dish,veg,Pan-Indian,"lunch, dinner",,519.93,3.26,13.69,50.63,1.7,26.08,0.7,6.46,168.97,90.87,7.4,burger,250.0,1299.82
ASC376,Cheese pizza,dish,veg,Pan-Indian,"lunch, dinner",,249.5,5.79,30.62,12.43,1.95,96.51,1.09,17.36,397.73,152.89,10.64,piece,131.1,327.1
ASC377,Vegetable seekh kebab,dish,veg,Pan-Indian,"lunch, dinner",,690.73,1.57,5.32,73.72,0.59,32.66,0.36,7.92,83.67,104.53,0.0,kabab,164.5,1136.38
ASC378,Masala vada,condiment,veg,South Indian,"breakfast, lunch, high tea, dinner",,826.02,1.69,4.06,89.15,1.07,7.45,0.52,10.44,74.53,97.19,0.0,vada,269.8,2228.2
ASC379,Peanut sago vada (Sabudana mungfali vada),dish,veg,South Indian,high tea,Sabudana mungfali vada,749.89,1.01,7.14,79.82,0.62,5.03,0.38,10.38,71.29,94.5,0.0,vada,305.6,2291.54
ASC380,Vegeterian scotch egg,dish,egg,Pan-Indian,"lunch, dinner",,681.67,2.16,4.64,72.77,0.58,15.2,0.46,6.42,93.33,80.64,34.24,piece,334.1,2277.34
ASC381,Paneer shaslik/tikka,dish,veg,North Indian,"lunch, dinner",tikka,93.85,5.11,7.98,4.49,1.23,123.86,0.68,15.85,103.39,130.93,0.0,plate,300.0,281.55
ASC382,Peanut brittle (Moongfali ki chikki),dish,veg,Pan-Indian,high tea,Moongfali ki chikki,320.46,6.94,47.46,11.13,2.63,68.03,3.22,108.38,15.99,420.05,2.5,piece,24.6,78.91
ASC383,Spring roll,dish,veg,Pan-Indian,high tea,,623.87,1.81,8.56,64.63,0.67,9.51,0.49,7.0,132.84,60.86,12.15,spring roll,94.2,587.39
ASC384,Dry mango chutney (Sookhe aam ki chutney),condiment,veg,Pan-Indian,"breakfast, lunch, high tea, dinner",Sookhe aam ki chutney,298.13,2.43,69.17,0.7,3.74,72.05,3.98,77.6,437.91,654.54,0.0,tablespoon,27.7,82.58
ASC385,Peanut chutney (Mungfali ki chutney),condiment,veg,Pan-Indian,"breakfast, lunch, high tea, dinner",Mungfali ki chutney,258.37,11.8,9.87,19.06,5.73,34.79,1.99,103.32,475.34,414.29,0.0,tablespoon,21.0,54.26
ASC386,Coconut chutney (Nariyal ki chutney),condiment,veg,South Indian,"breakfast, lunch, high tea, dinner",Nariyal ki chutney,265.92,3.59,8.29,25.0,6.73,15.7,1.25,25.07,428.28,230.88,0.0,tablespoon,25.3,67.37
ASC387,Mint and coriander chutney (Pudinay aur dhaniye ki chutney),condiment,veg,Pan-Indian,"breakfast, lunch, high tea, dinner",Pudinay aur dhaniye ki chutney/Hari chutney/Green chutney,102.6,2.81,21.18,0.51,4.33,107.45,4.76,62.72,391.66,459.42,0.0,tablespoon,26.3,26.98
ASC388,Curd dip,dish,veg,Pan-Indian,"lunch, dinner",,79.95,5.04,7.95,3.36,0.1,167.17,0.25,18.06,301.07,279.4,10.59,1 katori,150.0,119.92
ASC394,Short crust pastry,dish,veg,Continental,"lunch, dinner",,422.1,6.11,44.72,23.98,1.58,16.9,1.02,18.33,97.2,92.93,61.0,1 katori,150.0,633.15
ASC395,Custard tart,dish,veg,Continental,high tea,,225.6,3.72,28.66,10.73,0.91,57.47,0.49,12.99,59.74,115.73,22.28,tart,71.7,161.73
ASC396,Lemon tart,dish,veg,Continental,"lunch, dinner",,303.35,6.12,30.68,17.45,0.81,24.03,0.98,12.99,76.09,94.23,123.17,tart,54.4,165.14
ASC397,Jam tart,condiment,veg,Continental,"breakfast, lunch, high tea, dinner",,360.72,4.42,46.18,17.35,1.14,12.23,0.74,13.27,70.34,67.25,44.15,tart,36.2,130.54
ASC398,Orange cream tart,dish,veg,Continental,"lunch, dinner",,197.16,2.58,27.43,8.72,0.64,13.84,0.58,13.59,36.85,136.02,22.13,tart,72.2,142.32
ASC399,Pineapple tart,dish,veg,Continental,"lunch, dinner",,195.4,2.29,28.62,8.21,0.87,12.02,0.5,10.57,37.88,71.82,20.7,tart,77.2,150.83
ASC400,Cheese and mushroom tart,dish,veg,Continental,"lunch, dinner",,246.1,5.51,21.43,15.28,1.18,100.97,0.59,15.72,212.42,136.37,37.99,tart,67.2,165.5
ASC401,Cottage cheese pie,dish,veg,Continental,"lunch, dinner",,238.98,7.45,20.66,13.83,2.21,108.05,0.92,22.71,103.29,128.1,20.86,pie,150.0,358.47
ASC402,Minced meat pie,dish,non-veg,Continental,"lunch, dinner",,221.55,7.38,18.11,13.04,2.33,18.14,1.07,22.33,127.85,185.89,34.57,pie,150.0,332.32
ASC403,Apple cinnamon pie,dish,veg,Continental,"lunch, dinner",,258.73,3.35,33.68,12.21,1.77,16.14,0.65,12.35,60.14,90.1,36.52,slice,177.1,458.28
ASC404,Lemon meringue pie,dish,veg,Continental,"lunch, dinner",,224.43,3.88,35.11,8.16,0.44,16.79,0.67,8.08,85.12,58.11,75.3,slice,156.9,352.07
ASC405,Chocolate meringue pie,dish,veg,Continental,"lunch, dinner",,214.76,4.98,28.8,9.17,0.37,55.98,0.92,26.05,80.77,130.01,64.11,slice,184.2,395.69
ASC406,Choux pastry,dish,veg,Continental,"lunch, dinner",,222.37,5.55,16.2,14.96,0.56,19.43,0.83,9.75,132.28,69.35,125.01,1 katori,150.0,333.56
ASC407,Cream puffs,dish,veg,Continental,high tea,,221.33,4.7,16.0,15.48,0.38,37.93,0.58,8.86,98.76,76.51,100.48,puff,72.4,160.19
ASC408,Chocolate eclairs,dish,veg,Continental,"lunch, dinner",,239.42,4.24,26.22,13.5,0.33,34.21,0.68,13.73,85.88,84.46,85.94,éclair,169.2,405.21
ASC409,Cheese balls,dish,veg,Continental,"lunch, dinner",,681.28,2.21,4.81,72.57,0.18,30.01,0.32,3.93,120.7,27.57,37.78,piece,59.1,402.95
ASC410,Flaky pastry,dish,veg,Continental,"lunch, dinner",,443.94,4.69,33.61,31.99,1.25,9.28,0.83,14.23,178.52,67.37,0.0,1 katori,150.0,665.91
ASC411,Minced meat patties,dish,non-veg,Pan-Indian,"lunch, dinner",,265.72,6.88,15.25,19.57,0.77,19.23,0.93,13.2,252.18,119.59,81.36,patty,129.8,345.0
ASC412,Cheese patties,dish,veg,Pan-Indian,"lunch, dinner",,324.01,7.38,22.23,22.67,1.24,126.41,0.82,18.88,295.22,97.11,0.0,patty,104.0,336.84
ASC413,Hot cheese souffle,dish,veg,Continental,high tea,,177.1,9.18,5.41,13.23,0.12,169.17,0.83,13.38,286.96,130.84,149.14,bowl,250.0,442.75
ASC414,Hot potato souffle,dish,veg,Continental,high tea,,125.64,5.51,8.56,7.64,0.66,56.84,0.79,15.02,97.2,258.62,109.09,bowl,250.0,314.1
ASC415,Hot fish souffle,dish,non-veg,Continental,"high tea, lunch, dinner",,142.92,11.23,3.69,9.24,0.1,58.18,0.7,17.68,110.94,165.04,122.69,bowl,250.0,357.3
ASC416,Hot spinach souffle,dish,veg,Continental,high tea,,104.25,5.43,4.19,7.24,0.99,80.77,1.67,39.49,104.69,311.73,100.84,bowl,250.0,260.62
ASC417,Plain cream cake,dish,veg,Continental,high tea,,353.94,6.18,47.18,16.17,0.71,41.95,1.02,11.79,174.0,86.91,120.92,piece,53.2,188.47
ASC418,Apple cake (Seb ka cake),dish,veg,Continental,high tea,Seb ka cake,290.08,4.94,39.48,12.87,1.22,38.99,0.9,12.0,136.95,96.16,94.69,piece,68.0,197.25
ASC419,Marble cake,dish,veg,Continental,high tea,,354.11,6.3,46.88,16.27,0.71,39.6,1.12,16.54,138.48,100.2,120.14,piece,53.6,189.78
ASC420,Chocolate cake,dish,veg,Continental,high tea,,335.61,6.01,45.14,15.18,0.64,41.13,1.08,17.74,241.93,104.7,109.36,piece,58.9,197.59
ASC421,Orange cake,dish,veg,Continental,high tea,,357.61,6.1,48.28,16.21,0.83,29.72,1.06,12.17,105.41,90.64,123.67,piece,52.1,186.18
ASC422,Fruit Loaf ,dish,veg,Continental,"lunch, dinner",,324.19,5.36,46.49,13.31,0.87,45.71,0.96,13.06,160.6,116.78,90.0,slice,55.9,181.14
ASC423,Banana cake (Kele ka cake),dish,veg,Continental,"breakfast, high tea",Kele ka cake,389.51,5.77,40.0,23.31,1.14,23.55,1.14,31.46,117.81,157.61,68.99,slice,66.3,258.3
ASC424,Chocolate chiffon cake,dish,veg,Continental,high tea,,311.71,5.76,37.87,15.8,0.7,42.15,1.07,28.93,188.59,138.72,93.35,slice,72.8,227.06
ASC425,Christmas cake,dish,veg,Continental,high tea,,372.95,5.49,48.29,16.88,1.49,40.98,1.32,30.8,64.84,176.27,97.81,slice,104.2,388.57
ASC426,Strawberry and vanilla cake with butter icing,condiment,veg,Continental,"breakfast, lunch, high tea, dinner",,370.54,3.89,44.25,20.39,0.79,28.17,0.7,9.76,107.27,74.53,101.12,slice,116.5,431.68
ASC427,Eggless cake,dish,veg,Continental,high tea,,318.08,8.12,46.14,11.75,0.68,212.97,0.61,26.53,310.5,273.62,27.68,slice,61.0,193.93
ASC428,Sponge cake ,dish,veg,Continental,high tea,,253.77,9.18,44.63,4.74,0.69,30.22,1.47,13.67,64.61,108.95,182.09,1 katori,150.0,380.66
ASC429,Swiss roll,dish,veg,Continental,high tea,,251.87,7.3,48.34,3.77,0.55,24.11,1.19,10.86,51.9,87.08,144.66,swiss roll,63.3,159.31
ASC430,Pineapple pastry ,dish,veg,Continental,"lunch, dinner",,208.21,6.06,29.04,7.87,0.72,42.97,0.86,11.42,44.3,107.33,115.34,pastry,91.2,189.99
ASC431,Black forest pastry,dish,veg,Continental,"lunch, dinner",,233.55,6.09,34.48,8.46,0.54,44.15,0.92,13.57,53.43,110.97,113.03,pastry,93.2,217.78
ASC432,Coconut finger,dish,veg,South Indian,"lunch, dinner",,274.86,7.09,42.56,8.86,1.87,24.04,1.31,18.1,46.86,141.16,127.97,finger,71.5,196.52
ASC433,Pineapple cake ,dish,veg,Continental,high tea,,195.57,5.01,23.51,9.34,0.76,49.06,0.64,10.71,37.47,108.39,92.79,slice,400.0,782.28
ASC434,Glace icing,condiment,veg,Continental,"breakfast, lunch, high tea, dinner",,323.51,0.01,86.31,0.01,0.0,1.95,0.41,0.12,9.88,10.59,0.0,1 katori,150.0,485.26
ASC436,Royal icing,condiment,veg,Continental,"breakfast, lunch, high tea, dinner",,332.58,1.74,86.53,0.02,0.0,2.87,0.42,1.99,36.5,35.4,0.0,1 katori,150.0,498.87
ASC437,American frosting,dish,veg,Continental,"lunch, dinner",,257.57,1.05,67.48,0.01,0.0,7.05,0.14,2.43,19.33,18.37,0.0,1 katori,150.0,386.36
ASC438,Gum icing,condiment,veg,Continental,"breakfast, lunch, high tea, dinner",,223.07,5.94,53.19,0.0,0.0,18.62,0.4,1.06,29.32,6.07,0.0,1 katori,150.0,334.6
ASC439,Chocolate walnut cookies (Chocolate aur akhrot ke cookies),dish,veg,Pan-Indian,high tea,Chocolate aur akhrot ke cookies,424.8,6.56,47.1,23.62,1.54,36.1,1.37,43.31,280.44,158.23,69.03,cookie,25.9,110.01
ASC440,Chocolate chip cookies,dish,veg,Pan-Indian,high tea,,425.29,5.79,57.98,19.38,1.05,24.76,1.22,23.0,278.29,114.09,75.98,cookie,21.9,93.03
ASC441,Sweet plain biscuit,dish,veg,Pan-Indian,high tea,,380.76,5.86,50.29,17.67,1.07,42.88,0.92,14.91,132.59,90.96,76.89,biscuit,14.3,54.47
ASC442,Chocolate biscuit,dish,veg,Pan-Indian,high tea,,379.76,5.88,51.56,17.09,1.01,41.51,1.14,23.27,127.02,114.98,72.66,biscuit,15.1,57.49
ASC443,Coconut biscuit (Nariyal ke biscuit),dish,veg,South Indian,high tea,Nariyal ke biscuit,434.98,5.78,42.9,27.16,3.64,37.81,1.32,28.42,105.76,202.79,64.98,biscuit,18.8,81.56
ASC444,Sweet and salty biscuit (Meethay aur namkeen biscuit),dish,veg,Pan-Indian,high tea,Meethay aur namkeen biscuit,407.96,6.15,45.09,22.39,1.68,37.24,1.05,18.49,414.7,109.95,55.18,biscuit,10.7,43.74
ASC445,Peanut biscuit,dish,veg,Pan-Indian,high tea,,401.05,8.45,46.72,20.41,2.48,50.58,1.34,42.54,202.26,180.95,61.88,biscuit,17.8,71.3
ASC446,Pin wheel biscuit,dish,veg,Pan-Indian,high tea,,404.6,5.4,54.56,18.66,1.16,42.7,1.13,27.5,131.73,122.74,44.65,biscuit,19.9,80.41
ASC447,Saffron biscuit (Kesar biscuit),dish,veg,Pan-Indian,high tea,Kesar biscuit,458.61,6.05,59.7,22.01,1.9,25.71,1.23,26.36,5.65,120.02,49.64,biscuit,11.0,50.51
ASC448,Masala biscuit,condiment,veg,Pan-Indian,"breakfast, lunch, high tea, dinner",,393.64,6.06,45.18,20.75,2.14,53.73,1.32,25.48,714.52,136.35,51.29,biscuit,16.2,63.64
ASC449,Ice box cookies,dish,veg,Pan-Indian,high tea,,374.24,5.7,56.09,14.44,1.28,18.5,1.04,15.33,449.14,94.3,70.82,cookie,13.9,51.87
ASC450,Ginger bread man,dish,veg,Pan-Indian,"lunch, dinner",,365.0,6.61,60.26,11.01,1.6,37.92,2.12,31.73,477.99,161.24,75.31,biscuit,29.7,108.45
ASC451,Danish cookies,dish,veg,Pan-Indian,high tea,,475.33,5.33,58.0,24.92,1.37,15.97,0.98,16.24,201.06,84.32,63.58,biscuit,12.6,59.71
ASC452,Short bread cookies,dish,veg,Pan-Indian,high tea,,443.09,6.03,64.82,17.98,1.57,15.92,1.12,18.17,145.0,92.7,45.48,biscuit,17.6,77.82
ASC453,Coffee biscuit,drink,veg,Pan-Indian,"breakfast, lunch, high tea, dinner",,416.57,6.9,46.55,23.0,1.59,48.92,1.27,37.48,112.53,160.49,63.97,biscuit,17.2,71.63
ASC454,Melting moments,dish,veg,Pan-Indian,"lunch, dinner",,437.91,5.71,55.84,21.78,1.88,30.39,1.2,21.49,119.09,112.25,80.33,biscuit,16.6,72.86
ASC455,Ginger biscuit (Adarak ke biscuit),dish,veg,Pan-Indian,high tea,Adarak ke biscuit,417.91,5.98,58.44,18.31,1.49,25.97,2.2,17.59,79.68,106.42,81.73,biscuit,13.5,56.24
ASC456,Soyabean muthias,dish,veg,Pan-Indian,high tea,,839.33,2.46,3.7,90.45,1.47,12.16,0.6,12.03,78.25,100.29,0.0,muthia,134.2,1126.44
ASC457,Soyabean tikki,dish,veg,Pan-Indian,high tea,,698.17,3.53,4.39,74.02,2.2,29.23,1.04,23.87,88.72,218.99,0.0,tikki,165.6,1156.34
ASC458,Soyabean namak paras,dish,veg,Pan-Indian,high tea,,838.46,2.65,4.65,89.83,1.41,12.13,0.64,12.18,72.05,98.46,0.0,plate,273.6,2294.25
ASC459,Peanut burfi (Moongfali ki burfi),dish,veg,Pan-Indian,high tea,Moongfali ki burfi,550.99,9.31,48.14,36.84,4.09,25.2,1.45,78.35,6.78,269.29,0.0,burfi,21.2,116.63
ASC460,Spinach peanut namak paras (Palak moongfali namak paras),dish,veg,Pan-Indian,high tea,Palak moongfali namak paras,740.16,1.65,6.62,78.51,0.81,13.35,0.67,17.66,73.15,104.16,0.0,plate,300.0,2220.48
ASC461,Gram flour and semolina chilla/cheela/savory pancake (Besan suji chilla/cheela),dish,veg,Pan-Indian,"breakfast, high tea",Besan suji chilla/cheela; cheela; savory pancake,758.89,2.08,7.63,80.04,1.39,12.13,0.67,13.08,74.88,87.35,0.0,cheela,150.5,1142.14
ASC462,Rice moong dal cheela (Chawal aur moong dal ka cheela),dish,veg,Pan-Indian,"breakfast, lunch, dinner",Chawal aur moong dal ka cheela,798.26,2.74,11.13,82.44,1.18,4.99,0.51,16.1,142.82,124.58,0.0,cheela,145.8,1163.47
ASC463,Split bengal gram sweet rice (Channa dal sweet rice),dish,veg,North Indian,"lunch, dinner",Channa dal sweet rice,190.21,4.15,41.07,0.64,2.23,30.37,1.77,42.94,8.38,230.18,0.0,plate,220.0,418.47
ASC464,Sweet poori (Meethi poori),dish,veg,Pan-Indian,"lunch, dinner",Meethi poori,782.75,2.12,14.26,79.63,1.54,34.24,1.13,27.8,2.57,82.77,0.0,poori,152.5,1193.69
ASC465,Wheat flour and moong dal burfi (Atta aur moong dal ki burfi),dish,veg,Pan-Indian,"high tea, lunch, dinner",Atta aur moong dal ki burfi,441.08,9.84,60.0,18.41,6.02,25.2,2.3,84.57,5.25,396.48,35.14,piece,26.2,115.78
ASC466,Spinach burfi (Palak burfi),dish,veg,Pan-Indian,high tea,Palak burfi,121.17,2.71,12.76,6.81,1.17,93.68,1.05,33.14,27.77,268.78,5.65,piece,87.1,105.57
ASC467,Sweet split chickpea roti (Sweet channa dal roti/Puranpoli),dish,veg,North Indian,"lunch, dinner",Sweet channa dal roti/Puranpoli,366.59,9.51,62.66,7.93,8.16,53.3,4.36,112.97,12.05,462.11,15.56,roti,53.4,195.67
ASC468,Sprouted moong daliya ,dish,veg,Pan-Indian,"breakfast, lunch, dinner",,111.56,2.81,14.77,4.71,3.12,22.62,1.29,9.46,196.73,83.92,0.0,plate,300.0,334.68
ASC469,Sprouted moong poha ,dish,veg,West Indian,breakfast,,192.6,5.59,26.6,6.89,3.13,28.39,2.43,55.63,220.82,268.06,0.0,plate,191.3,368.51
ASC470,Pearl millet ladoo (Bajra ladoo),dish,veg,Pan-Indian,high tea,Bajra ladoo,319.66,9.61,50.98,8.06,6.0,118.74,4.72,125.58,12.26,479.32,0.0,ladoo,47.5,151.84
ASC471,Paushtik ladoo,dish,veg,Pan-Indian,high tea,,485.87,7.65,60.34,24.98,4.57,20.67,1.63,47.46,6.09,161.0,52.71,ladoo,35.0,170.06
ASC472,Paushtik roti,dish,veg,Pan-Indian,"lunch, dinner",,149.26,7.17,26.59,1.51,5.74,52.74,2.62,77.03,170.96,403.44,0.0,roti,42.9,64.1
ASC473,Semolina carrot vada (Suji gajar vada),dish,veg,South Indian,high tea,Suji gajar vada,699.53,1.56,6.52,74.07,1.07,26.47,0.36,6.35,73.17,73.02,1.18,vada,162.7,1138.48
ASC474,Dhokla,dish,veg,West Indian,high tea,,216.49,13.45,30.68,5.28,4.95,123.21,1.39,40.51,376.02,287.15,5.16,piece,40.0,86.5
ASC475,Channa murmura premix,condiment,veg,North Indian,"breakfast, lunch, high tea, dinner",,339.09,10.59,72.59,3.28,8.21,21.36,4.58,45.21,206.28,344.3,0.0,1 katori,150.0,508.63
ASC476,Cracked wheat and green gram dal premix (Dalia moong dal premix),condiment,veg,Pan-Indian,"breakfast, lunch, high tea, dinner",Dalia moong dal premix,362.16,15.89,64.75,5.11,11.66,49.03,4.28,50.7,3.25,321.5,0.0,1 katori,150.0,543.24
ASC477,Rice flakes and roasted channa ,dish,veg,North Indian,"lunch, dinner",,333.4,10.57,71.94,2.94,8.84,17.23,4.51,54.54,205.51,349.9,0.0,1 katori,150.0,500.1
ASC479,Spinach soup in milk ,dish,veg,Pan-Indian,"breakfast, lunch, dinner",,56.72,2.89,3.98,3.2,0.79,106.1,1.08,34.51,31.16,285.0,0.0,1 katori,150.0,85.08
ASC480,Vegetable soup,dish,veg,Pan-Indian,"lunch, dinner",,55.21,2.22,7.6,1.55,3.01,18.1,0.63,20.85,170.68,274.69,3.34,1 katori,150.0,82.82
ASC481,Mashed banana with milk,dish,veg,Pan-Indian,breakfast,,95.43,2.51,14.62,2.99,0.71,78.64,0.23,15.15,16.99,191.13,0.0,1 katori,150.0,143.15
ASC484,Poha with curd (Poha aur dahi),dish,veg,West Indian,breakfast,Poha aur dahi,173.32,6.01,26.72,4.65,1.09,140.9,1.61,36.72,325.07,249.94,13.37,1 katori,150.0,259.98
ASC485,Potato with curd,dish,veg,Pan-Indian,"lunch, dinner",,73.18,3.19,12.01,1.33,1.02,85.41,0.38,22.26,190.9,435.22,4.38,1 katori,150.0,109.77
ASC486,Sweet wheat porridge (Sweet dalia),dish,veg,Pan-Indian,"breakfast, lunch, dinner",Sweet dalia,140.66,5.11,23.77,2.79,2.37,99.18,1.98,36.02,24.63,265.94,0.0,1 katori,150.0,210.99
ASC487,Vegetable khichdi/khichri,dish,veg,Pan-Indian,"lunch, dinner",khichri,143.17,5.61,19.57,4.53,2.45,100.54,1.09,41.88,193.55,384.87,11.92,1 katori,150.0,214.75
ASC489,Moong dal mixture,dish,veg,Pan-Indian,"lunch, dinner",,158.84,4.62,33.93,1.0,1.9,70.53,1.25,45.55,29.6,453.86,2.38,1 katori,150.0,238.26
ASC490,Cracked wheat khichri/khichdi (Dalia khichri/khichdi),dish,veg,Pan-Indian,"breakfast, lunch, dinner",Dalia khichri/khichdi; khichdi,167.45,7.56,22.35,5.52,3.74,123.04,2.17,35.47,224.95,340.86,14.62,1 katori,150.0,251.18
ASC492,Stewed apple,dish,veg,Pan-Indian,"lunch, dinner",,91.93,0.17,22.49,0.37,1.48,9.25,0.18,4.91,1.53,67.0,0.0,1 katori,150.0,137.9
ASC493,Lemon squash (Nimbu ka squash),drink,veg,Continental,"breakfast, lunch, high tea, dinner",Nimbu ka squash,184.56,0.15,48.88,0.06,0.0,9.85,0.18,2.79,15.01,30.02,0.0,1 glass,200.0,369.12
ASC494,Orange squash (Santre ka squash),drink,veg,Continental,"breakfast, lunch, high tea, dinner",Santre ka squash,193.26,0.22,50.88,0.04,0.4,10.62,0.34,4.35,14.85,52.78,0.0,1 glass,200.0,386.52
ASC495,Lichi squash,drink,veg,Continental,"breakfast, lunch, high tea, dinner",Litchi ka squash,198.33,0.3,51.96,0.08,0.41,6.39,0.34,5.43,14.56,51.86,0.0,1 glass,200.0,396.66
ASC496,Mango squash (Aam ka squash),drink,veg,Continental,"breakfast, lunch, high tea, dinner",Aam ka squash,194.66,0.17,50.96,0.17,0.58,9.47,0.25,5.05,14.81,46.63,0.0,1 glass,200.0,389.32
ASC497,Pineapple squash (Ananas ka squash),drink,veg,Continental,"breakfast, lunch, high tea, dinner",Ananas ka squash,195.02,0.16,51.34,0.05,1.06,7.96,0.18,4.85,14.84,46.32,0.0,1 glass,200.0,390.04
ASC498,Lemon and ginger squash (Nimbu aur adrak ka squash),drink,veg,Continental,"breakfast, lunch, high tea, dinner",Nimbu aur adrak ka squash,170.34,0.54,44.06,0.21,1.07,11.18,0.52,12.95,16.19,101.4,0.0,1 glass,200.0,340.68
ASC499,Apple jam (Seb ka murabba),condiment,veg,Pan-Indian,"breakfast, lunch, high tea, dinner",Seb ka murabba,188.79,0.14,48.56,0.32,1.29,10.84,0.21,4.84,2.71,60.0,0.0,1 tbsp,15.0,28.32
ASC500,Plum jam (Aloo bukhara jam),condiment,veg,Pan-Indian,"breakfast, lunch, high tea, dinner",Aloo bukhara jam,178.89,0.31,46.2,0.19,1.0,7.5,0.2,4.51,2.67,79.81,0.0,1 tbsp,15.0,26.83
ASC501,Pineapple jam ,condiment,veg,Pan-Indian,"breakfast, lunch, high tea, dinner",Ananas ka jam/Ananas jam,149.18,0.32,38.27,0.15,2.2,10.47,0.24,8.54,2.45,93.4,0.0,1 tbsp,15.0,22.38
ASC502,Guava jelly (Amrood ki jelly),condiment,veg,Pan-Indian,"breakfast, lunch, high tea, dinner",Amrood ki jelly,115.74,1.11,28.18,0.25,6.61,16.55,0.29,12.2,3.36,218.85,0.0,1 katori,150.0,173.61
ASC503,Orange marmalade (Santray ka murabba),condiment,veg,Continental,"breakfast, lunch, high tea, dinner",Santray ka murabba,104.17,0.66,25.94,0.13,1.97,17.59,0.63,9.87,2.31,148.92,0.0,1 katori,150.0,156.26
ASC504,Carrot murabba (Gajar ka murabba),condiment,veg,Pan-Indian,"breakfast, lunch, high tea, dinner",Gajar ka murabba,175.24,0.32,45.6,0.16,1.39,15.86,0.28,6.41,19.53,93.08,0.0,1 katori,150.0,262.86
ASC505,Gooseberry marmalade (Amla murabba),condiment,veg,Continental,"breakfast, lunch, high tea, dinner",Amla murabba,123.16,0.14,32.34,0.03,0.0,16.4,0.38,0.96,216.89,64.52,0.0,1 katori,150.0,184.74
ASC506,Ginger candy (Adrak ki candy),dish,veg,Pan-Indian,"lunch, dinner",Adrak ki candy,195.71,0.69,50.38,0.27,1.67,10.43,0.68,17.99,5.4,129.45,0.0,1 katori,150.0,293.56
ASC507,Mango pickle (Aam ka achaar),condiment,veg,Pan-Indian,"breakfast, lunch, high tea, dinner",Aam ka achaar,192.12,1.6,8.11,17.89,3.68,48.97,1.44,32.75,3429.94,206.92,0.0,1 tbsp,15.0,28.82
ASC509,Mixed vegetable pickle (Sabziyoon ka achaar),condiment,veg,Pan-Indian,"breakfast, lunch, high tea, dinner",Sabziyoon ka achaar/gobhi gajar shalgam ka achaar,211.2,1.9,7.48,19.68,2.76,42.81,2.12,33.01,2488.32,283.15,0.0,1 tbsp,15.0,31.68
ASC511,Sweet lemon pickle (Neembu ka meetha achaar),condiment,veg,Pan-Indian,"breakfast, lunch, high tea, dinner",Neembu ka meetha achaar,69.54,1.22,16.87,0.21,2.13,42.57,1.02,21.98,6415.9,148.65,0.0,1 tbsp,15.0,10.43
ASC512,Plum chutney (Aloo bukhara ki chutney),condiment,veg,Pan-Indian,"breakfast, lunch, high tea, dinner",Aloo bukhara ki chutney,177.11,0.47,44.95,0.29,1.37,12.38,0.34,7.31,216.81,101.56,0.0,1 tbsp,15.0,26.57
ASC513,Raw mango chutney (Kachhe aam/Kairi ki chutney),condiment,veg,Pan-Indian,"breakfast, lunch, high tea, dinner",Kachhe aam ki chutney/Kairi ki chutney,193.13,0.51,49.94,0.16,2.17,25.92,0.48,14.1,480.68,105.51,0.0,1 tbsp,15.0,28.97
ASC514,Tomato sauce,condiment,veg,Pan-Indian,"breakfast, lunch, high tea, dinner",Tamtar ki sauce/Tamatar ki chutney/Tamatar wali sauce/Tamatar chutney,34.33,0.81,7.23,0.27,1.79,13.0,0.31,13.26,174.79,168.41,0.0,1 tbsp,15.0,5.15
ASC515,Tomato puree,dish,veg,Pan-Indian,"lunch, dinner",Tamatar ki puree,20.62,0.75,3.68,0.25,1.56,8.91,0.22,12.19,244.99,165.74,0.0,1 katori,150.0,30.93
BFP001,Garam masala,condiment,veg,Pan-Indian,"breakfast, lunch, high tea, dinner",,254.21,9.89,26.2,10.97,35.56,609.77,14.51,318.39,58.33,1501.8,0.0,1 tsp,5.0,12.71
BFP002,Chat masala,condiment,veg,Pan-Indian,"breakfast, lunch, high tea, dinner",,222.58,8.19,23.87,9.91,18.62,519.5,13.27,247.9,11873.64,1051.15,0.0,1 tsp,5.0,11.13
BFP003,Kashmiri masala,condiment,veg,Pan-Indian,"breakfast, lunch, high tea, dinner",,389.02,8.26,23.16,31.03,12.12,303.49,14.72,183.44,3106.14,1020.75,0.0,1 tsp,5.0,19.45
BFP004,Rasam powder (Rasam masala),condiment,veg,South Indian,"breakfast, lunch, high tea, dinner",Rasam masala,267.96,12.04,25.19,11.8,35.71,562.15,14.72,288.95,38.78,1524.9,0.0,1 tsp,5.0,13.4
BFP005,Sambar powder (Sambar masala),condiment,veg,South Indian,"breakfast, lunch, high tea, dinner",Sambar masala,297.46,12.5,23.38,15.58,34.56,439.95,12.63,247.04,27.66,1350.05,0.0,1 tsp,5.0,14.87
BFP007,Kashmiri tea (Kehwa),drink,veg,Pan-Indian,"breakfast, lunch, high tea, dinner",Kehwa,24.9,0.17,5.23,0.51,0.16,3.19,0.07,3.47,0.29,8.81,0.0,tea cup,200.0,49.8
BFP008,Steeped hot coffee,drink,veg,Pan-Indian,"breakfast, lunch, high tea, dinner",,15.91,0.39,3.01,0.33,0.0,10.4,0.06,3.93,2.82,46.09,0.0,tea cup,200.0,31.82
BFP011,Hot chocolate,dish,veg,Pan-Indian,"lunch, dinner",,90.01,3.43,9.02,4.61,0.0,113.63,0.33,14.99,36.04,135.43,0.02,tea cup,190.5,171.46
BFP013,Cold coffee (with cream),drink,veg,Pan-Indian,"breakfast, lunch, high tea, dinner",with cream,82.76,1.93,11.98,3.29,0.0,64.43,0.14,8.58,15.35,107.04,3.29,tall glass,250.5,207.32
BFP015,Banana milkshake with ice cream (Kele ka milkshake ice cream ke saath),drink,veg,Pan-Indian,"breakfast, lunch, high tea, dinner",Kele ka milkshake ice cream ke saath,76.45,2.01,11.15,2.77,0.27,68.3,0.14,8.6,16.63,110.88,1.3,tall glass,300.0,229.35
BFP019,Flavoured milkshake,drink,veg,Pan-Indian,"breakfast, lunch, high tea, dinner",,66.78,2.06,8.65,2.83,0.0,75.05,0.11,5.33,16.34,72.89,0.0,tall glass,285.0,190.31
BFP024,Jal jeera,dish,veg,Pan-Indian,"lunch, dinner",,30.24,0.44,6.7,0.26,0.95,24.72,0.84,12.89,215.62,76.31,0.0,juice glass,140.0,42.34
BFP026,Gingo,dish,veg,Pan-Indian,"lunch, dinner",,48.02,0.14,12.42,0.06,0.17,6.33,0.21,3.35,21.5,20.82,0.0,tall glass,291.0,139.73
BFP027,Mintade,dish,veg,Pan-Indian,"lunch, dinner",,40.32,0.03,10.59,0.02,0.03,2.1,0.05,0.85,26.69,6.0,0.0,glass,250.0,100.8
BFP029,Canjee,dish,veg,Pan-Indian,"lunch, dinner",,6.61,0.24,0.44,0.42,0.36,5.82,0.17,3.57,43.03,21.2,0.0,glass,170.3,11.26
BFP030,Cauliflower canjee (Phoolgobhi ki canjee),dish,veg,Pan-Indian,"lunch, dinner",Phoolgobhi ki canjee,6.9,0.39,0.35,0.42,0.49,6.26,0.22,4.78,41.45,38.17,0.0,glass,178.6,12.32
BFP031,Potato canjee (Aloo canjee),dish,veg,Pan-Indian,"lunch, dinner",Aloo canjee,16.26,0.44,2.69,0.39,0.43,5.21,0.22,6.51,35.99,99.19,0.0,glass,195.3,31.76
BFP036,Vermicelli porridge (Semiya/Seviyan porridge),dish,veg,Pan-Indian,"breakfast, high tea",Semiya/Seviyan porridge,78.4,2.5,10.56,2.98,0.48,72.96,0.2,7.15,65.33,78.84,0.62,bowl,250.0,196.0
BFP039,Semolina upma (Suji/Rava upma),dish,veg,South Indian,breakfast,Suji/Rava upma,147.89,3.3,16.31,7.49,3.24,21.57,1.1,21.34,101.59,158.35,0.0,bowl,106.3,157.14
BFP040,Vermicelli upma (Semiya/Seviyan upma),dish,veg,South Indian,"breakfast, high tea",Semiya/Seviyan upma,149.11,3.11,16.88,7.45,3.21,20.3,0.93,21.56,101.8,138.21,0.0,bowl,106.3,158.43
BFP041,Rice upma,dish,veg,South Indian,"breakfast, lunch, dinner",,151.27,2.63,17.96,7.46,2.12,17.57,0.67,19.24,101.75,131.62,0.0,bowl,106.3,160.73
BFP042,Bread upma,dish,veg,South Indian,breakfast,,129.51,2.8,12.6,7.75,1.96,45.22,0.82,18.35,176.44,130.12,0.0,bowl,106.3,137.61
BFP043,Vegetable upma,dish,veg,South Indian,breakfast,,146.47,4.73,16.46,6.63,4.19,26.68,1.35,33.55,347.02,208.3,0.0,plate,235.7,345.17
BFP044,Poha,dish,veg,West Indian,breakfast,,294.53,6.09,35.05,14.14,3.72,37.67,3.01,66.85,377.1,333.98,0.0,bowl,54.6,160.78
BFP045,Vegetable poha,dish,veg,West Indian,breakfast,,180.52,4.89,21.52,8.07,3.76,28.01,1.92,48.59,418.02,223.09,0.0,bowl,97.8,176.6
BFP046,Moong dal stuffed cheela/chilla (Moong dal ka cheela/chilla),dish,veg,Pan-Indian,"breakfast, lunch, dinner",Moong dal ka cheela/chilla; chilla,154.89,6.97,19.42,5.11,4.25,39.34,2.22,61.1,267.23,574.12,0.0,cheela,227.3,352.1
BFP047,Paneer stuffed cheela/chilla,dish,veg,North Indian,"breakfast, lunch, dinner",chilla,205.19,11.44,19.16,8.89,4.03,151.3,2.41,64.32,289.1,464.03,0.0,cheela,212.3,435.68
BFP052,Indian style egg bhujia (Anda bhujia (Indian style)),dish,egg,Pan-Indian,"lunch, dinner",Anda bhujia (Indian style,102.83,6.1,3.76,7.02,1.53,31.9,1.14,17.09,218.05,178.56,145.28,small bowl,126.0,129.53
BFP054,French omelette/omlet,dish,egg,Pan-Indian,breakfast,omlet,211.04,10.03,0.41,18.86,0.38,46.35,1.58,13.26,381.85,133.09,300.44,egg,68.0,143.51
BFP055,Puffy omelette/omlet,dish,egg,Pan-Indian,"breakfast, high tea",omlet,188.15,8.82,0.08,16.84,0.0,34.96,1.2,8.66,340.53,231.64,268.82,egg,76.0,142.99
BFP056,Orange omelette/omlet,dish,egg,Pan-Indian,breakfast,omlet,194.66,8.93,1.68,16.84,0.0,37.33,1.26,11.03,340.92,267.16,268.82,egg,76.0,147.94
BFP057,Cheese and mushroom omelette/omlet,dish,egg,Pan-Indian,breakfast,omlet,205.63,9.69,1.68,17.82,0.93,148.77,1.01,16.69,400.29,181.05,184.53,egg,128.0,263.2
BFP058,Spanish omelette/omlet,dish,egg,Pan-Indian,breakfast,omlet,157.45,8.25,5.1,11.44,2.54,31.72,1.28,22.27,233.87,185.74,145.23,egg,152.0,239.32
BFP059,Mixed stock,dish,veg,Pan-Indian,"lunch, dinner",,25.19,2.06,0.33,1.71,0.15,2.06,0.07,3.07,9.51,39.43,10.55,cup,200.0,50.38
BFP060,Meat stock,dish,non-veg,Pan-Indian,"lunch, dinner",,24.48,2.1,0.0,1.78,0.0,0.86,0.05,2.41,8.62,31.03,11.03,cup,200.0,48.96
BFP062,White stock,dish,veg,Pan-Indian,"lunch, dinner",,6.99,0.07,0.4,0.56,0.17,1.58,0.03,0.92,1.56,11.78,1.39,cup,200.0,13.98
BFP065,Meat consomme (with mutton),dish,non-veg,Pan-Indian,"lunch, dinner",with mutton,29.76,14.86,0.51,13.68,0.71,115.88,4.22,38.67,12665.52,366.48,0.0,bowl,250.0,74.4
BFP066,Consomme au julienne,dish,veg,Pan-Indian,"lunch, dinner",,27.76,12.49,1.49,10.66,1.38,85.89,3.34,36.5,10208.47,350.86,6.4,bowl,250.0,69.4
BFP067,Consomme au vermicelli,dish,veg,Pan-Indian,"lunch, dinner",,29.94,15.23,1.3,12.98,0.81,97.34,3.98,41.25,12524.61,367.55,7.85,bowl,250.0,74.85
BFP072,Green pea soup (Matar ka soup),dish,veg,Pan-Indian,"lunch, dinner",Matar ka soup,39.81,11.06,3.63,12.9,2.49,46.63,2.18,38.39,10958.11,329.91,4.16,bowl,250.0,99.53
BFP073,Spinach soup (Palak ka soup),dish,veg,Pan-Indian,"lunch, dinner",Palak ka soup,32.59,10.54,3.03,14.26,1.98,56.23,2.68,50.72,12088.21,415.55,4.24,bowl,250.0,81.48
BFP074,Mixed vegetable soup,dish,veg,Pan-Indian,"lunch, dinner",,35.71,8.22,2.95,11.66,1.64,50.69,1.74,30.09,9202.27,295.84,3.87,bowl,250.0,89.28
BFP075,Cheese soup,dish,veg,Pan-Indian,"lunch, dinner",,41.13,12.39,1.87,17.07,1.8,83.65,2.4,39.83,13695.35,350.94,9.56,bowl,250.0,102.83
BFP076,Mulligatawny soup,dish,veg,Pan-Indian,"lunch, dinner",,54.42,11.26,8.24,13.28,2.6,43.89,2.65,39.75,11602.5,363.74,3.05,bowl,250.0,136.05
BFP079,Cream of carrot soup,dish,veg,Pan-Indian,"lunch, dinner",,59.77,8.27,5.69,12.35,1.98,57.24,1.73,29.98,8694.79,289.87,6.67,bowl,250.0,149.43
BFP080,Cream of broccoli soup,dish,veg,Pan-Indian,"lunch, dinner",,56.14,8.97,3.72,12.75,1.89,66.55,1.82,30.93,8792.43,313.4,7.67,bowl,250.0,140.35
BFP082,Cream of potato soup,dish,veg,Pan-Indian,"lunch, dinner",,60.2,8.1,6.14,12.05,1.51,51.97,1.7,31.03,8503.99,348.61,6.53,bowl,250.0,150.5
BFP087,Almond soup (Badam ka soup),dish,veg,Pan-Indian,"lunch, dinner",Badam ka soup,78.65,10.13,3.68,13.8,0.91,114.95,2.83,38.93,8376.94,282.29,28.18,bowl,250.0,196.62
BFP088,Cold cucumber cream soup ,dish,veg,Pan-Indian,"lunch, dinner",,11.88,0.34,1.76,0.34,0.73,8.02,0.16,7.37,207.89,64.98,0.72,bowl,250.0,29.7
BFP089,Cold tomato soup,dish,veg,Pan-Indian,"lunch, dinner",,16.9,0.11,0.59,1.56,0.16,4.2,0.1,2.67,287.15,20.03,3.88,bowl,250.0,42.25
BFP090,Chicken stew,dish,non-veg,Pan-Indian,"lunch, dinner",,127.55,7.19,4.44,8.91,1.82,31.53,0.9,24.38,79.62,270.59,32.34,bowl,250.0,318.88
BFP091,Veg paneer stew,dish,veg,North Indian,"lunch, dinner",,145.55,6.98,10.22,8.41,3.08,160.51,1.37,33.52,73.15,272.77,0.0,bowl,236.9,344.74
BFP095,Tartare sauce,condiment,veg,Continental,"breakfast, lunch, high tea, dinner",,610.93,1.44,2.96,66.12,0.42,21.06,0.56,4.83,256.95,33.29,50.47,1 tbsp,15.0,91.64
BFP096,Barbeque sauce,condiment,veg,Continental,"breakfast, lunch, high tea, dinner",,121.93,0.96,20.46,4.51,0.69,28.61,1.15,16.7,504.95,186.46,0.0,1 tbsp,15.0,18.29
BFP097,Bread sauce,condiment,veg,Pan-Indian,"breakfast, lunch, high tea, dinner",,111.04,3.46,8.69,7.05,0.56,110.72,0.31,11.07,88.84,122.76,8.48,1 tbsp,15.0,16.66
BFP108,Onion-green chilli parantha/paratha (Pyaaz aur hari mirch ka parantha/paratha),dish,veg,North Indian,breakfast,Pyaaz aur hari mirch ka parantha/paratha; paratha,191.27,4.37,26.37,7.27,5.16,24.91,1.81,53.42,241.19,190.31,0.0,parantha,76.5,146.23
BFP110,Methi parantha/paratha,dish,veg,North Indian,breakfast,paratha,148.36,4.27,22.19,4.34,5.09,65.85,2.42,54.87,48.36,193.92,0.0,parantha,91.2,135.3
BFP114,Bathua poori,dish,veg,Pan-Indian,"lunch, dinner",,598.79,2.35,13.85,59.14,1.87,30.83,0.96,21.24,49.71,98.54,0.6,poori,90.9,544.24
BFP115,Gram flour poori (Besan poori),dish,veg,Pan-Indian,"lunch, dinner",Besan poori,697.66,2.59,10.93,71.51,1.94,7.09,0.71,18.52,58.33,54.35,0.73,poori,75.3,525.57
BFP116,Beetroot poori (Chukandar ki poori),dish,veg,Pan-Indian,"lunch, dinner",Chukandar ki poori,527.66,1.91,12.29,52.18,1.4,5.38,0.6,15.32,46.48,56.25,0.53,poori,102.9,543.14
BFP117,Peas poori (Matar ki poori),dish,veg,Pan-Indian,"lunch, dinner",Matar ki poori,592.83,3.04,14.92,57.69,2.25,8.96,0.84,20.7,47.77,79.58,0.59,poori,83.8,496.79
BFP118,Peas kachori (Matar kachori),dish,veg,Pan-Indian,high tea,Matar kachori,584.68,3.21,13.25,57.51,2.03,14.25,0.77,16.13,55.45,91.63,0.0,kachori,108.1,632.21
BFP122,Pizza,dish,veg,Pan-Indian,"lunch, dinner",,146.77,6.85,9.94,8.72,1.71,77.23,0.66,18.24,225.02,193.91,18.65,slice,297.3,436.35
BFP124,Bacon and mushroom pancake,dish,non-veg,Pan-Indian,high tea,,157.67,6.82,8.47,10.6,1.59,44.74,0.54,15.73,344.23,210.33,39.23,pancake,121.5,191.57
BFP125,Cheese and tomato pancake,dish,veg,Pan-Indian,high tea,,147.39,5.15,10.66,9.28,1.06,127.51,0.64,16.3,281.62,151.49,38.27,pancake,110.2,162.49
BFP127,Minced meat pancake (with chicken),dish,non-veg,Pan-Indian,"high tea, lunch, dinner",with chicken,116.04,12.01,8.18,10.48,0.7,64.72,1.99,25.38,4942.18,254.7,33.26,pancake,134.4,155.93
BFP132,Eggplant/Brinjal rice (Vangi bhat),dish,veg,Pan-Indian,"lunch, dinner",Vangi bhat; Brinjal rice,184.8,5.28,31.74,3.67,4.44,36.02,1.91,46.75,59.06,305.33,0.0,plate,291.2,538.09
BFP133,Kashmiri 'tahar',dish,veg,Pan-Indian,"lunch, dinner",,98.21,1.95,19.11,1.37,0.98,3.93,0.32,7.58,61.29,40.82,3.02,plate,300.0,294.63
BFP134,Cumin pulao (Jeera/Zeera pulao),dish,veg,Pan-Indian,"lunch, dinner",Jeera/Zeera pulao,135.24,2.47,23.61,3.2,1.4,7.25,0.33,11.29,219.73,62.11,0.0,plate,270.5,365.83
BFP136,Peas pulao (Matar pulao),dish,veg,Pan-Indian,"lunch, dinner",Matar pulao,108.87,3.89,18.42,1.9,3.21,18.18,0.78,21.46,86.18,135.07,0.0,plate,300.0,326.61
BFP137,Split bengal gram dal and vegetable pulao (Channa dal and vegetable pulao),dish,veg,North Indian,"lunch, dinner",Channa dal and vegetable pulao,116.53,3.6,19.72,2.3,3.16,19.09,0.82,21.07,98.07,162.09,0.0,plate,300.0,349.59
BFP138,Black channa pulao/ Bengal gram pulao (Kale chane ka pulao),dish,veg,North Indian,"lunch, dinner",Kale chane ka pulao; Bengal gram pulao,125.51,3.44,21.55,2.58,2.69,16.51,0.77,20.05,103.09,148.31,0.0,plate,300.0,376.53
BFP141,Mutton pulao,dish,non-veg,Pan-Indian,"lunch, dinner",,130.77,6.52,11.26,10.78,1.65,49.87,1.25,22.89,3115.59,177.66,2.35,plate,300.0,392.31
BFP142,Chicken pulao,dish,non-veg,Pan-Indian,"lunch, dinner",,108.24,6.07,11.17,8.48,1.64,32.25,0.98,24.8,3093.47,170.81,11.55,plate,300.0,324.72
BFP143,Mexican rice,dish,veg,Pan-Indian,"lunch, dinner",,120.57,4.62,14.21,4.88,1.64,14.51,0.55,14.39,93.42,147.26,11.9,plate,300.0,361.71
BFP144,Plain khitchdi (Plain khichri/khichdi),dish,veg,Pan-Indian,"lunch, dinner",Plain khichri/khichdi,57.03,1.72,10.04,1.01,0.85,5.05,0.31,9.97,37.14,69.32,2.14,small bowl,220.0,125.47
BFP147,Instant idli (with semolina),dish,veg,South Indian,breakfast,with semolina,247.29,9.16,43.4,3.61,7.13,93.2,2.31,42.92,1504.66,348.78,3.12,idli,35.3,87.23
BFP148,Plain dosa,dish,veg,South Indian,breakfast,,380.91,10.34,64.08,8.43,5.23,19.35,1.5,55.44,142.98,344.39,19.9,dosa,36.1,137.6
BFP150,Masala dosa mixed vegetable fillings,condiment,veg,South Indian,"breakfast, lunch, high tea, dinner",,144.53,4.84,23.02,3.26,4.31,31.79,1.21,36.14,122.08,329.75,5.18,dosa,277.3,400.84
BFP151,Masala dosa paneer fillings,condiment,veg,South Indian,"breakfast, lunch, high tea, dinner",,243.12,10.31,29.76,8.84,3.11,171.23,1.27,39.72,160.4,226.69,7.29,dosa,197.3,479.75
BFP152,Uttapam,dish,veg,South Indian,breakfast,,255.95,6.18,36.28,9.03,4.4,40.86,1.23,41.71,228.69,286.22,10.57,uttapam,68.0,174.15
BFP153,Appam,dish,veg,South Indian,breakfast,,267.7,3.12,13.28,22.63,6.19,6.36,0.83,23.3,26.59,161.42,0.0,appam,152.9,409.28
BFP154,Beans and macaroni,dish,veg,Pan-Indian,"lunch, dinner",,136.08,4.58,14.24,7.01,2.05,86.86,0.75,27.05,182.79,221.16,19.67,plate,254.3,345.99
BFP155,Spaghetti bolognese,dish,veg,Pan-Indian,"lunch, dinner",,97.43,9.35,10.04,9.51,1.08,73.66,2.06,29.25,5358.6,271.96,13.91,shallow dish,250.0,243.57
BFP157,Meat and macaroni casserole,dish,non-veg,Pan-Indian,"lunch, dinner",,161.55,9.15,16.12,10.17,1.19,68.28,1.85,22.39,2511.99,329.91,2.13,small casserole dish,250.0,403.88
BFP158,Spaghetti with meat balls and tomato sauce,condiment,non-veg,Pan-Indian,"breakfast, lunch, high tea, dinner",,158.13,5.61,10.46,10.64,1.11,40.82,0.71,15.3,189.13,152.86,16.15,shallow dish,250.0,395.32
BFP159,Spaghetti with paneer balls and tomato sauce,condiment,veg,North Indian,"breakfast, lunch, high tea, dinner",,158.54,3.95,12.72,10.44,1.25,80.73,0.55,15.07,199.55,113.95,2.57,shallow dish,250.0,396.35
BFP161,Lasagne with meat sauce,condiment,non-veg,Pan-Indian,"breakfast, lunch, high tea, dinner",,63.38,2.9,5.38,3.43,0.47,24.61,0.49,8.28,37.08,88.89,8.8,dish,250.0,158.45
BFP162,Lasagne with vegetables,dish,veg,Pan-Indian,"lunch, dinner",,49.23,1.71,5.9,2.16,0.66,32.89,0.57,13.26,40.78,126.45,2.81,dish,250.0,123.08
BFP163,Green chilli sauce,condiment,veg,Pan-Indian,"breakfast, lunch, high tea, dinner",,46.06,1.25,7.36,0.27,1.77,9.89,0.64,16.54,1037.04,155.76,0.0,1 tbsp,15.0,6.91
BFP164,Home made plain noodles,dish,veg,Indo-Chinese,"lunch, dinner",Noodles,238.78,6.21,44.5,3.56,1.65,12.27,1.07,18.74,182.07,89.09,0.0,1 katori,150.0,358.17
BFP165,Home made egg noodles,dish,egg,Pan-Indian,"lunch, dinner",,240.84,6.55,42.92,4.37,1.6,15.96,1.15,18.54,177.24,90.12,38.27,curry bowl,225.0,541.78
BFP166,Dal moong,dish,veg,Pan-Indian,"lunch, dinner",Moong Dal/Moong Ki Daal,43.69,2.2,4.92,1.62,1.08,7.69,0.52,16.62,117.74,130.13,3.55,1 katori,150.0,65.54
BFP167,Cumin seeds baghar (Jeera baghar/tadka),condiment,veg,Pan-Indian,"breakfast, lunch, high tea, dinner",Jeera baghar/tadka,736.81,3.34,5.22,78.77,6.01,177.77,5.09,86.42,177.58,420.92,189.23,1 tsp,5.0,36.84
BFP168,Onion tomato baghar (Pyaaz tamatar ka tadka),condiment,veg,Pan-Indian,"breakfast, lunch, high tea, dinner",Pyaaz tamatar ka tadka,137.52,1.26,6.17,11.98,2.12,20.45,0.63,16.74,31.33,174.16,29.17,1 tsp,5.0,6.88
BFP169,Mustard seeds baghar (Mustard seed tadka),condiment,veg,Pan-Indian,"breakfast, lunch, high tea, dinner",Mustard seed tadka,552.59,4.73,10.45,54.3,9.74,182.93,4.14,91.77,8.9,553.41,130.57,1 tsp,5.0,27.63
BFP170,Sour lentils (Khatti dal),dish,veg,Pan-Indian,"lunch, dinner",Khatti dal,34.79,2.22,6.04,0.12,1.22,8.29,0.85,9.99,115.6,98.52,0.0,curry bowl,250.0,86.97
BFP171,Urad special dehusked,dish,veg,Pan-Indian,"lunch, dinner",,69.43,3.14,8.86,2.17,2.5,16.4,0.83,28.53,109.56,233.34,4.62,curry bowl,250.0,173.57
BFP172,Arhar with spinach (Arhar dal aur palak),dish,veg,Pan-Indian,"lunch, dinner",Arhar dal aur palak,52.84,2.05,4.77,2.76,1.3,21.81,0.89,23.79,109.97,205.61,6.1,curry bowl,250.0,132.1
BFP174,Moong dal with vadi,dish,veg,Pan-Indian,"lunch, dinner",,24.08,0.4,1.0,2.05,0.39,2.99,0.18,3.98,112.36,33.66,4.75,curry bowl,250.0,60.2
BFP176,Rasam with tamarind (Puli rasam/ Chintapandu rasam/ Charu/Saaru),dish,veg,South Indian,"lunch, dinner",Puli rasam/ Chintapandu rasam/ Charu/Saaru,26.74,1.13,3.37,0.88,1.6,16.56,0.59,14.66,104.11,130.66,0.0,curry bowl,250.0,66.85
BFP177,Rasam with lemon (Nimmakaya rasam/Nimmakaya charu/Elumichai rasam/Nimbe hannina saaru),dish,veg,South Indian,"lunch, dinner",Nimmakaya rasam/Nimmakaya charu/Elumichai rasam/Nimbe hannina saaru,24.41,1.11,2.85,0.87,1.54,15.56,0.52,13.98,102.77,124.52,0.0,curry bowl,250.0,61.02
BFP178,Green gram whole with baghar (Sabut moong dal with tadka),condiment,veg,Pan-Indian,"breakfast, lunch, high tea, dinner",Sabut moong dal with tadka,63.43,3.23,6.8,2.48,3.02,25.04,1.0,32.57,181.69,192.66,5.45,bowl,225.7,143.19
BFP179,Urad sabut special,dish,veg,Pan-Indian,"lunch, dinner",,79.39,2.33,5.03,5.46,2.15,21.45,0.71,20.55,60.09,160.47,13.38,bowl,250.0,198.47
BFP185,Kabuli channa curry,dish,veg,North Indian,"lunch, dinner",,68.57,2.92,7.63,3.06,1.12,32.03,0.95,23.41,122.05,190.0,0.15,bowl,250.0,171.43
BFP187,Besan gatte curry,dish,veg,Pan-Indian,"lunch, dinner",,189.38,7.75,16.26,10.72,3.25,151.08,1.89,37.09,356.27,274.59,2.8,bowl,250.0,473.45
BFP190,Dry masala chops,condiment,veg,Pan-Indian,"breakfast, lunch, high tea, dinner",,135.07,9.08,3.3,9.54,0.86,112.25,1.39,10.66,83.47,219.97,2.24,chops,147.6,199.37
BFP194,Mutton korma,dish,non-veg,Pan-Indian,"lunch, dinner",,115.64,7.09,2.53,8.54,0.78,79.07,1.09,8.63,56.94,165.87,3.9,bowl,250.0,289.1
BFP196,Shahi keema kofta curry,dish,non-veg,Pan-Indian,"lunch, dinner",,418.13,4.14,1.73,43.83,0.91,14.51,0.67,12.06,104.53,119.63,14.97,bowl,250.0,1045.33
BFP197,Minced meat ball curry,dish,non-veg,Pan-Indian,"lunch, dinner",,109.79,6.82,2.86,7.85,1.49,23.84,1.01,18.97,170.06,194.09,24.77,bowl,250.0,274.48
BFP198,Boti kebab,dish,non-veg,Pan-Indian,"lunch, dinner",,132.86,9.22,3.06,9.27,0.76,98.67,1.41,9.99,78.14,221.64,1.21,kebab,54.7,72.66
BFP199,Mutton seekh kebab,dish,non-veg,Pan-Indian,"lunch, dinner",,133.94,11.25,3.11,8.43,1.88,117.44,2.19,19.83,102.17,269.59,0.0,kebab,45.0,60.25
BFP201,Indian lamb and egg curry (Nargisi kofta),dish,non-veg,Pan-Indian,"lunch, dinner",Nargisi kofta,335.75,3.84,2.07,34.7,0.6,12.91,0.55,8.06,57.44,85.8,44.04,kofta,200.0,671.5
BFP203,Soya chunks sweet and sour (Nutrinugget sweet and sour),dish,veg,Pan-Indian,"lunch, dinner",Nutrinugget sweet and sour,500.94,2.85,3.27,55.99,0.86,13.89,0.7,11.23,2257.67,111.45,23.51,bowl,250.0,1252.35
BFP204,Soya chunks korma (Nutrinugget korma),dish,veg,Pan-Indian,"lunch, dinner",Nutrinugget korma,131.43,3.86,7.67,9.5,2.57,89.7,1.18,33.57,148.98,252.27,3.32,bowl,248.7,326.86
BFP205,Mushroom matar,dish,veg,Pan-Indian,"lunch, dinner",,70.77,2.79,5.33,4.11,3.13,21.42,0.81,21.71,61.63,214.87,0.0,bowl,250.0,176.93
BFP206,Soya chunks and peas (Nutrinugget matar),dish,veg,Pan-Indian,"lunch, dinner",Nutrinugget matar,82.62,3.03,5.82,5.11,2.86,20.32,0.99,22.75,70.97,173.49,0.0,bowl,222.9,184.17
BFP207,Vegetable yakhni,dish,veg,Pan-Indian,"lunch, dinner",,406.06,1.18,1.94,43.8,0.61,43.67,0.24,7.8,38.05,82.8,1.92,bowl,250.0,1015.15
BFP208,Spinach mushroom (Palak mushroom),dish,veg,Pan-Indian,"lunch, dinner",Palak mushroom,47.63,1.94,2.95,2.96,2.27,49.75,1.69,52.12,70.97,416.07,2.89,bowl,250.0,119.08
BFP210,Vegetarian nargisi kofta curry,dish,veg,Pan-Indian,"lunch, dinner",,332.15,2.29,6.58,32.94,0.86,47.09,0.38,11.15,73.56,147.7,1.03,kofta,200.0,664.3
BFP212,Roast chicken,dish,non-veg,Pan-Indian,"lunch, dinner",,199.9,20.49,0.1,13.06,0.03,13.61,0.79,19.34,71.71,280.0,69.66,joint,133.4,266.62
BFP214,Shahi chicken masala,condiment,non-veg,Pan-Indian,"breakfast, lunch, high tea, dinner",,163.7,9.82,4.07,12.02,0.96,82.68,0.89,21.76,142.56,230.91,24.78,bowl,250.0,409.25
BFP216,Tomato chicken,dish,non-veg,Pan-Indian,"lunch, dinner",,111.68,10.57,2.13,6.71,1.42,21.24,0.87,21.29,104.83,252.17,27.94,bowl,176.3,196.84
BFP217,Creamy chicken,dish,non-veg,Pan-Indian,"lunch, dinner",,152.87,13.52,3.13,9.57,0.69,50.37,0.82,21.54,97.08,267.95,39.28,bowl,217.4,332.36
BFP218,Broccoli chicken ala king,dish,non-veg,Pan-Indian,"lunch, dinner",,119.56,7.97,5.34,7.57,1.92,73.36,0.78,19.27,104.01,297.25,27.85,bowl,236.1,282.27
BFP220,Ginger chicken,dish,non-veg,Pan-Indian,"lunch, dinner",,129.17,8.24,5.6,8.24,1.21,18.41,0.96,19.98,365.86,228.87,19.24,bowl,250.0,322.92
BFP221,Chicken sweet and sour,dish,non-veg,Pan-Indian,"lunch, dinner",,445.09,6.92,2.67,47.59,0.58,21.98,0.93,13.05,1809.94,153.46,32.47,bowl,250.0,1112.72
BFP222,Chicken korma,dish,non-veg,Pan-Indian,"lunch, dinner",,147.96,9.83,5.43,9.67,1.82,68.66,1.06,29.57,119.21,277.53,23.66,bowl,250.0,369.9
BFP223,Bengal fish curry (Bengali machli curry),dish,non-veg,East Indian,"lunch, dinner",Bengali machli curry,109.43,7.26,4.42,7.03,1.93,44.44,0.85,27.62,76.38,207.98,13.92,bowl,250.0,273.57
BFP226,Fish finger,dish,non-veg,Pan-Indian,"lunch, dinner",,542.9,5.66,4.47,55.82,0.34,11.38,0.38,12.17,103.55,135.39,30.0,fillet,180.0,977.22
BFP229,Fish in coconut milk (Nariyal ke doodh ke saath machli),dish,non-veg,South Indian,"breakfast, lunch, dinner",Nariyal ke doodh ke saath machli,86.21,8.66,2.73,4.43,1.52,21.94,0.91,23.46,73.93,190.38,17.13,dish,250.0,215.53
BFP230,Prawn curry (with coconut) (Jhinga curry),dish,non-veg,South Indian,"lunch, dinner",with coconut; Jhinga curry,109.55,8.54,3.1,6.93,1.56,37.25,0.96,35.67,375.86,150.65,37.12,bowl,250.0,273.88
BFP231,Baked stuffed fish,dish,non-veg,Pan-Indian,"lunch, dinner",,121.96,16.14,2.12,5.43,0.38,18.8,0.35,29.35,74.36,242.97,36.95,fish,180.0,219.53
BFP232,Fish pie,dish,non-veg,Pan-Indian,"lunch, dinner",,120.9,9.25,7.74,5.77,0.76,36.15,0.46,24.55,101.8,316.28,23.97,pie,150.0,181.35
BFP233,Crispy baked fish,dish,non-veg,Pan-Indian,"lunch, dinner",,138.4,10.95,9.59,6.41,1.21,60.04,0.55,24.23,192.42,208.73,28.89,casserole dish,250.0,346.0
BFP234,Fish souffle,dish,non-veg,Pan-Indian,"high tea, lunch, dinner",,139.71,10.51,5.14,8.55,0.19,63.87,0.59,18.5,92.45,167.34,84.69,dish,250.0,349.27
BFP239,Potato curry (Aloo ki sabzi),dish,veg,Pan-Indian,"lunch, dinner",Aloo ki sabzi,89.56,1.52,10.42,4.47,2.42,23.74,0.97,25.3,78.4,383.45,0.0,bowl,201.6,180.52
BFP240,Egg curry (Anda curry),dish,egg,Pan-Indian,"lunch, dinner",Anda curry,117.52,5.38,4.03,8.81,2.09,41.59,1.52,21.72,142.12,198.53,120.74,bowl,151.6,178.13
BFP241,Vegetable curry with coconut ,dish,veg,South Indian,"lunch, dinner",,83.07,2.77,7.19,4.66,3.35,19.63,0.95,23.16,43.4,215.47,0.0,bowl,250.0,207.68
BFP242,Curd with potatoes (Dahi aloo),dish,veg,Pan-Indian,"lunch, dinner",Dahi aloo,59.9,1.56,7.15,2.72,1.19,36.36,0.47,15.87,51.99,259.27,1.45,bowl,250.0,149.75
BFP246,Potato kofta curry (Aloo kofta curry),dish,veg,Pan-Indian,"lunch, dinner",Aloo kofta curry,455.4,0.56,2.78,49.08,0.56,7.77,0.26,6.9,30.12,97.57,2.6,bowl,250.0,1138.5
BFP249,Yam kofta curry (Zimikand/Suran kofta curry),dish,veg,Pan-Indian,"lunch, dinner",Zimikand/Suran kofta curry,322.88,0.71,3.75,33.84,1.04,8.35,0.31,8.55,42.22,109.02,3.54,bowl,250.0,807.2
BFP250,Jackfruit kofta curry (Kathal ka kofta curry),dish,veg,Pan-Indian,"lunch, dinner",Kathal ka kofta curry,321.08,0.8,3.17,33.83,0.96,11.36,0.24,8.78,40.04,79.59,3.54,bowl,250.0,802.7
BFP257,Spinach and potato (Palak aloo),dish,veg,Pan-Indian,"lunch, dinner",Palak aloo,57.17,1.63,5.91,2.82,2.04,43.67,1.59,49.44,62.46,457.28,0.0,bowl,250.0,142.93
BFP258,Mooli bhujia,dish,veg,Pan-Indian,"lunch, dinner",,91.2,1.69,4.74,7.25,2.36,131.88,2.37,40.41,89.73,282.6,0.0,bowl,198.4,180.96
BFP259,Bathua bhujia,dish,veg,Pan-Indian,"lunch, dinner",,90.9,2.26,3.63,7.29,3.8,165.84,2.36,43.74,81.99,387.93,0.0,bowl,198.4,180.36
BFP261,Cabbage rolls (dry) ((Pattagobhi rolls) (dry)),dish,veg,Pan-Indian,high tea,dry; (Pattagobhi rolls; dry,142.48,8.21,6.09,9.36,1.84,31.54,0.98,20.93,118.05,252.57,32.9,roll,83.1,118.47
BFP262,Cabbage rolls (curry) ((Pattagobhi rolls)(curry)),dish,veg,Pan-Indian,"high tea, lunch, dinner",curry; (Pattagobhi rolls; curry,124.63,5.76,7.03,8.17,2.35,29.82,0.95,26.41,123.98,425.86,18.79,roll,145.6,181.48
BFP263,Dry arbi (Sookhi arbi),dish,veg,Pan-Indian,"lunch, dinner",Sookhi arbi,134.95,2.12,11.11,8.97,2.47,22.77,0.68,25.76,81.25,322.9,0.0,bowl,200.6,270.69
BFP264,Masala arbi,condiment,veg,Pan-Indian,"breakfast, lunch, high tea, dinner",,185.38,3.01,16.16,11.9,3.1,32.08,0.99,35.19,261.31,467.53,0.0,bowl,116.2,215.37
BFP266,Peas brinjal bhartha (Matar baingan bhartha),dish,veg,Pan-Indian,"lunch, dinner",Matar baingan bhartha,84.55,2.05,5.02,6.05,3.63,19.63,0.63,22.0,63.65,224.01,0.0,small bowl,220.0,186.01
BFP269,Okra/Lady's fingers fry (Bhindi sabzi/sabji/subji),dish,veg,Pan-Indian,"lunch, dinner",Bhindi sabzi/sabji/subji; Lady's fingers fry,110.81,1.83,4.5,9.27,3.57,67.88,0.88,52.6,92.78,233.03,0.0,bowl,166.3,184.32
BFP270,Crispy okra/Crispy lady's fingers (Karare bhindi),dish,veg,Pan-Indian,"lunch, dinner",Karare bhindi; Crispy lady's fingers,657.76,1.91,4.35,70.4,1.75,27.61,0.56,20.56,40.42,90.14,0.0,small bowl,220.0,1447.07
BFP272,Beans foogath,dish,veg,Pan-Indian,"lunch, dinner",,105.06,2.03,3.26,9.22,4.15,44.2,0.95,30.98,81.22,259.29,0.0,small bowl,181.2,190.35
BFP273,Stuffed bittergourd (wet) (Bharwa karele),dish,veg,Pan-Indian,"lunch, dinner",wet; Bharwa karele,162.36,1.36,4.68,15.24,2.86,17.25,0.91,24.19,360.09,246.15,0.0,bowl,156.5,254.05
BFP274,Jackfruit/Kathal (dry),dish,veg,Pan-Indian,"lunch, dinner",dry; Kathal,488.97,0.93,4.56,51.78,1.33,12.79,0.33,11.71,33.68,106.26,0.0,bowl,250.0,1222.42
BFP275,Yam fried (Zimikand/Suran fried),dish,veg,Pan-Indian,"lunch, dinner",Zimikand/Suran fried,491.76,0.79,5.47,51.79,1.44,8.11,0.43,11.35,37.07,151.93,0.0,bowl,250.0,1229.4
BFP276,"Cauliflower, pea and potato bhujia (Phoolgobhi, matar aur aloo bhujia)",dish,veg,Pan-Indian,"lunch, dinner","Phoolgobhi, matar aur aloo bhujia",95.67,2.75,8.23,5.54,3.26,21.05,0.98,25.64,86.29,305.3,0.0,bowl,191.2,182.93
BFP277,Vegetable jalfrezi,dish,veg,Pan-Indian,"lunch, dinner",,68.48,1.4,5.43,4.38,2.97,27.11,0.68,22.88,79.46,270.92,0.0,bowl,100.6,68.88
BFP278,Vegetables stir fry ,dish,veg,Pan-Indian,"lunch, dinner",,30.78,1.04,3.19,1.47,1.37,13.3,0.34,8.61,55.0,115.07,0.0,small bowl,220.0,67.72
BFP279,Broccoli delight,dish,veg,Pan-Indian,"lunch, dinner",,40.7,2.49,2.34,2.48,2.83,26.99,0.71,17.1,59.26,257.82,0.0,bowl,199.5,81.19
BFP280,Dhansak (vegetarian),dish,veg,Pan-Indian,"lunch, dinner",vegetarian,82.8,3.32,7.28,4.18,4.17,26.4,1.26,28.3,34.18,264.5,0.0,bowl,241.0,199.57
BFP282,Cauliflower basket,dish,veg,Pan-Indian,"lunch, dinner",,90.95,5.21,3.97,5.88,2.4,100.19,0.92,20.59,194.22,258.16,51.1,portion,241.5,219.61
BFP284,Stuffed bottle gourd (Stuffed ghiya/lauki),dish,veg,Pan-Indian,"lunch, dinner",Stuffed ghiya/lauki,93.19,5.84,4.36,5.8,1.18,71.83,0.66,13.73,106.99,149.44,45.61,portion,250.0,232.97
BFP286,Ducheese potato,dish,veg,Pan-Indian,"lunch, dinner",,140.54,3.6,10.94,9.01,1.29,18.1,0.76,20.3,103.85,423.33,85.15,potato,43.0,60.38
BFP287,Roast potatoes ,dish,veg,Pan-Indian,"lunch, dinner",,87.32,1.53,14.52,2.35,1.71,10.38,0.57,23.89,90.67,528.24,5.51,potato,77.3,67.49
BFP288,Stuffed baked potatoes ,dish,veg,Pan-Indian,"lunch, dinner",,100.2,3.82,11.03,4.39,1.31,25.72,0.81,20.95,92.09,429.14,72.99,potato,104.0,104.25
BFP289,Potato nests,dish,veg,Pan-Indian,"lunch, dinner",,111.62,5.71,11.05,4.77,2.49,55.25,0.87,25.91,182.12,341.01,26.5,nest,191.5,213.71
BFP290,Parsley potato,dish,veg,Pan-Indian,"lunch, dinner",,119.51,1.49,13.81,6.28,1.59,11.43,0.55,22.56,4.62,502.76,15.71,bowl,108.5,129.67
BFP291,Creamed spinach and mushroom,dish,veg,Pan-Indian,"lunch, dinner",,419.62,2.28,3.17,44.14,1.02,65.49,0.9,27.09,90.21,217.24,7.15,bowl,250.0,1049.05
BFP292,Fricassee of Mushroom,dish,veg,Pan-Indian,"lunch, dinner",,106.66,3.65,8.13,6.63,1.23,84.97,0.36,12.24,118.98,151.77,13.55,dish,250.0,266.65
BFP293,Cauliflower au gratin,dish,veg,Pan-Indian,"lunch, dinner",,145.9,4.45,9.13,10.2,1.44,119.69,0.57,15.99,164.96,181.3,22.15,bowl,250.0,364.75
BFP294,Vegetable and cheese pie,dish,veg,Pan-Indian,"lunch, dinner",,126.88,4.03,8.76,8.28,1.91,99.48,0.58,19.44,117.99,243.97,18.88,dish,250.0,317.2
BFP296,Spinach souffle ,dish,veg,Pan-Indian,high tea,,150.18,7.36,6.27,10.52,1.44,133.69,2.15,53.0,244.07,385.31,114.71,small bowl,200.3,300.87
BFP299,Beetroot and egg salad (Chukandar aur ande ka salad),dish,egg,Pan-Indian,"lunch, dinner",Chukandar aur ande ka salad,84.92,3.36,3.4,6.45,0.55,18.13,0.55,6.48,110.12,66.99,82.25,small bowl,220.0,186.82
BFP300,Sour cream potato salad,dish,veg,Pan-Indian,"lunch, dinner",,121.9,2.89,9.05,8.13,1.21,23.25,0.9,19.19,102.66,367.59,47.29,small bowl,220.0,268.18
BFP301,Tossed green salad,dish,veg,Pan-Indian,"lunch, dinner",,49.88,1.33,3.82,3.24,1.33,33.71,1.27,19.14,65.09,211.22,0.0,small bowl,218.0,108.73
BFP302,Spring basket salad,dish,veg,Pan-Indian,"lunch, dinner",,160.46,3.36,11.61,11.3,3.09,45.65,0.85,20.75,26.02,252.19,8.17,basket,210.0,336.96
BFP303,Cucumber and yogurt salad (Kheere aur dahi ka salad),dish,veg,Pan-Indian,"high tea, lunch, dinner",Kheere aur dahi ka salad,36.13,2.09,4.72,0.93,1.66,68.49,0.52,21.87,141.73,215.51,2.87,small plate,115.1,41.58
BFP305,Chicken and tomato towers,dish,non-veg,Pan-Indian,"lunch, dinner",,100.55,6.9,2.36,6.99,1.14,17.54,0.77,17.28,76.02,212.83,20.73,stuffed tomato,264.1,265.55
BFP306,Jellied sunshine fruit salad,dish,veg,Pan-Indian,"lunch, dinner",,48.86,5.85,4.21,0.85,1.8,37.14,0.87,17.23,74.2,144.01,0.0,small mould,200.0,97.72
BFP307,Tomato aspic,dish,veg,Pan-Indian,"lunch, dinner",,50.37,6.87,5.02,0.26,1.58,44.28,1.18,20.76,98.17,192.77,0.0,small mould,200.0,100.74
BFP308,Frozen frosty fruit salad (Phalon ka salaad),dish,veg,Pan-Indian,"lunch, dinner",Phalon ka salaad,103.51,1.68,15.61,4.17,0.26,28.61,0.41,7.96,13.23,103.47,26.33,slice,233.0,241.17
BFP310,French dressing,condiment,veg,Continental,"breakfast, lunch, high tea, dinner",,733.77,0.32,3.68,79.65,0.22,6.98,0.48,4.54,261.13,27.43,0.0,cup,200.0,1467.54
BFP312,Mayonnaise without eggs,dish,veg,Continental,"lunch, dinner",,329.05,2.13,3.98,33.84,0.04,75.54,0.27,6.83,193.58,81.04,0.0,cup,200.0,658.1
BFP313,Curd dressing ,condiment,veg,Continental,"breakfast, lunch, high tea, dinner",,78.8,5.59,8.03,2.9,0.22,194.59,0.18,19.93,204.62,283.26,10.52,cup,200.0,157.6
BFP316,Carrot raita (Gajar ka raita),dish,veg,Pan-Indian,"lunch, dinner",Gajar ka raita,64.78,4.14,7.19,2.19,1.69,146.72,0.55,22.13,274.46,293.77,6.98,bowl,157.7,102.15
BFP318,Pumpkin raita (Kaddu ka raita),dish,veg,Pan-Indian,"lunch, dinner",Kaddu ka raita,55.6,3.74,6.02,1.88,1.04,130.11,0.33,17.42,129.14,258.97,6.47,bowl,170.0,94.53
BFP320,Mint and peanut raita (Pudinay aur moongfali ka raita),dish,veg,Pan-Indian,"lunch, dinner",Pudinay aur moongfali ka raita,112.05,7.05,7.31,6.19,1.79,191.01,1.68,48.55,223.01,365.46,8.26,bowl,133.2,149.21
BFP321,Spinach raita (Palak ka raita),dish,veg,Pan-Indian,"lunch, dinner",Palak ka raita,52.75,3.95,5.06,1.86,1.39,142.96,1.61,54.45,126.57,458.18,5.41,bowl,203.2,107.18
BFP322,Bathua raita,dish,veg,Pan-Indian,"lunch, dinner",,54.4,4.13,5.31,1.76,2.19,206.31,1.46,35.47,110.92,366.14,5.41,bowl,203.2,110.53
BFP325,Pineapple raita (Ananas ka raita),dish,veg,Pan-Indian,"lunch, dinner",Ananas ka raita,67.74,3.9,8.62,2.02,1.39,134.53,0.27,18.8,135.48,239.89,6.93,bowl,158.8,107.6
BFP326,Banana raita (Kele ka raita),dish,veg,Pan-Indian,"breakfast, lunch, dinner",Kele ka raita,89.03,4.13,13.51,2.07,1.0,133.23,0.31,24.32,135.43,308.83,6.93,bowl,158.8,141.42
BFP327,Mango raita (Aam ka raita),dish,veg,Pan-Indian,"lunch, dinner",Aam ka raita,67.37,3.9,8.23,2.14,0.89,136.06,0.34,19.01,135.46,240.21,6.93,bowl,158.8,107.0
BFP328,Guava raita (Amarood ka raita),dish,veg,Pan-Indian,"lunch, dinner",Amarood ka raita,64.36,4.19,7.27,2.07,3.0,136.93,0.28,19.61,135.94,283.96,6.93,bowl,158.8,102.22
BFP329,Grapes raita (Angoor ka raita),dish,veg,Pan-Indian,"lunch, dinner",Angoor ka raita,72.59,3.98,9.66,2.07,0.71,134.52,0.26,17.07,135.64,247.92,6.93,bowl,158.9,115.31
BFP334,Bottle gourd kheer (Ghiya/Lauki kheer),dish,veg,Pan-Indian,high tea,Ghiya/Lauki kheer,84.07,2.7,10.0,3.86,0.55,94.18,0.23,11.57,19.62,117.46,0.0,bowl,250.0,210.18
BFP336,Pumpkin kheer (Kaddu ki kheer),dish,veg,Pan-Indian,high tea,Kaddu ki kheer,86.35,2.76,10.44,3.86,0.63,95.61,0.24,11.48,20.99,141.55,0.0,bowl,250.0,215.88
BFP338,Apple kheer (Seb ki kheer),dish,veg,Pan-Indian,high tea,Seb ki kheer,81.3,2.14,11.34,3.18,0.51,75.67,0.18,8.91,15.86,93.41,0.0,bowl,250.0,203.25
BFP345,Caramel custard (baked),dish,veg,Pan-Indian,high tea,baked,122.7,5.11,14.95,5.01,0.0,90.59,0.53,8.42,44.78,107.98,81.15,small bowl,220.0,269.94
BFP346,Vanilla ice cream without egg,dish,egg,Pan-Indian,high tea,,228.67,2.69,14.21,18.15,0.0,81.27,0.1,6.63,23.97,89.96,41.7,ice cream cup,157.4,359.87
BFP347,Vanilla ice cream with egg,dish,egg,Pan-Indian,high tea,,214.85,4.16,11.71,17.02,0.0,77.42,0.34,7.41,37.72,97.19,86.75,ice cream cup,181.1,389.15
BFP348,Strawberry ice cream,dish,veg,Pan-Indian,high tea,,215.61,4.15,12.26,16.96,0.0,77.08,0.34,7.36,37.62,96.4,86.39,ice cream cup,181.9,392.13
BFP350,Chocochip ice cream,dish,veg,Pan-Indian,high tea,,241.45,4.23,16.75,17.93,0.0,73.22,0.51,14.52,34.84,114.27,79.34,ice cream cup,199.4,481.38
BFP351,Choconut ice cream,dish,veg,Pan-Indian,high tea,,273.96,5.04,23.13,18.49,0.51,67.38,0.89,37.5,29.83,145.81,65.65,sundae glass,200.0,547.92
BFP352,Pear chocholate sunday,dish,veg,Pan-Indian,"lunch, dinner",,183.49,2.08,15.02,13.11,0.07,56.67,0.24,12.33,16.26,91.18,29.11,sundae glass,200.0,366.98
BFP353,Chocolate sauce,condiment,veg,Pan-Indian,"breakfast, lunch, high tea, dinner",,263.2,1.91,43.21,10.39,0.0,18.8,1.13,53.0,2.8,154.7,21.3,tablespoon,16.7,43.87
BFP354,Coffee ice cream,drink,veg,Pan-Indian,"breakfast, lunch, high tea, dinner",,150.62,3.15,14.09,9.43,0.0,95.72,0.15,9.79,42.09,132.18,22.23,ice cream cup,165.9,249.84
BFP355,Coffee pear alaska,drink,veg,Pan-Indian,"breakfast, lunch, high tea, dinner",,203.99,2.88,19.36,13.22,0.15,60.61,0.22,8.57,51.11,107.86,28.43,dish,250.0,509.98
BFP356,Crunchy butterscotch,dish,veg,Pan-Indian,"lunch, dinner",,277.32,3.11,19.92,20.99,0.47,72.26,0.26,12.96,22.24,103.65,46.39,cup,187.4,519.63
BFP358,Peach melba ice cream,dish,veg,Pan-Indian,high tea,,200.85,2.06,16.31,14.51,0.06,60.55,0.11,6.9,17.92,81.24,33.23,sundae glass,200.0,401.7
BFP359,Vanilla ice cream with apples in hot cherry sauce,condiment,veg,Pan-Indian,"breakfast, lunch, high tea, dinner",,196.32,1.73,22.75,11.45,0.26,56.34,0.16,6.04,31.54,74.21,26.15,dish,250.0,490.8
BFP360,Hot cherry sauce,condiment,veg,Pan-Indian,"breakfast, lunch, high tea, dinner",,252.74,0.13,67.95,0.07,0.0,24.82,0.45,6.7,105.81,39.98,0.0,1 tbsp,15.0,37.91
BFP361,Grape and orange whip,dish,veg,Pan-Indian,"lunch, dinner",,57.39,1.41,6.72,2.62,0.97,17.4,0.53,8.95,14.36,138.86,6.51,orange case,121.0,69.44
BFP362,Honey banana cream,dish,veg,Pan-Indian,breakfast,,125.49,2.78,13.64,6.68,0.7,43.52,0.23,12.73,15.65,159.94,14.27,tall stemmed glass,331.0,415.37
BFP363,Raspberry bavarian cream,dish,veg,Pan-Indian,"lunch, dinner",,150.1,3.34,17.82,7.88,2.19,26.4,0.31,9.95,24.59,78.98,19.94,small mould,200.0,300.2
BFP364,Fruit delight,dish,veg,Pan-Indian,"lunch, dinner",,107.09,2.09,9.11,7.09,0.09,71.69,0.15,6.93,17.27,96.94,12.28,small mould,200.0,214.18
BFP365,Creamy chocolate mousse,dish,veg,Pan-Indian,high tea,,230.52,6.85,9.53,18.16,0.0,45.25,0.96,26.51,48.64,127.5,129.13,dish,202.8,467.38
BFP366,Cold lemon souffle,dish,veg,Pan-Indian,high tea,,169.87,5.89,15.62,9.78,0.0,55.03,0.53,6.74,46.35,81.69,98.14,souffle dish,200.0,339.74
BFP367,Cold orange souffle,dish,veg,Pan-Indian,high tea,,173.19,5.94,16.27,9.82,0.11,55.45,0.57,7.19,46.53,88.17,98.65,souffle dish,200.0,346.38
BFP368,Cold pineapple souffle,dish,veg,Pan-Indian,high tea,,181.22,6.23,16.85,10.39,0.0,57.13,0.54,6.79,49.38,79.86,104.39,souffle dish,200.0,362.44
BFP369,Cold vanilla souffle,dish,veg,Pan-Indian,high tea,,179.54,6.22,16.29,10.32,0.0,62.47,0.52,6.94,49.09,83.3,100.85,souffle dish,200.0,359.08
BFP370,Cold chocolate souffle,dish,veg,Pan-Indian,high tea,,187.53,6.37,17.22,10.86,0.0,62.91,0.68,14.94,47.77,104.98,98.07,souffle dish,200.0,375.06
BFP371,Stewed fruit (with pear),dish,veg,Pan-Indian,"lunch, dinner",with pear,74.32,0.25,18.22,0.32,2.84,5.94,0.21,5.87,1.7,68.56,0.0,bowl,120.5,89.56
BFP372,Apricot fool,dish,veg,Pan-Indian,"lunch, dinner",,240.79,1.54,33.64,11.35,1.0,26.37,0.73,8.64,8.28,105.45,27.58,tall stemmed glass,228.5,550.09
BFP373,Pavlova,dish,veg,Pan-Indian,"lunch, dinner",,200.6,1.84,21.84,12.29,0.06,23.0,0.25,6.3,26.34,86.9,31.94,meringue,100.0,200.6
BFP379,Apple crumb pudding,dish,veg,Pan-Indian,high tea,,220.85,1.54,35.17,8.87,1.33,38.49,1.05,10.25,59.36,159.24,21.68,small plate,98.3,216.99
BFP380,Steamed cake with chocolate sauce,condiment,veg,Pan-Indian,"breakfast, lunch, high tea, dinner",,301.91,4.49,29.06,19.01,0.29,67.76,0.85,25.73,100.32,131.49,78.72,small mould,200.0,603.82
BFP382,Hot lemon souffle,dish,veg,Pan-Indian,high tea,,155.25,5.29,16.31,7.93,0.14,48.77,0.55,9.2,47.75,106.74,116.79,bowl,121.5,188.63
BFP386,Gulab jamun with milk powder,condiment,veg,Pan-Indian,"breakfast, lunch, high tea, dinner",,471.15,0.85,28.24,40.15,0.05,26.13,0.13,3.16,67.28,33.68,1.25,piece,301.9,1422.3
BFP388,Chum chum,dish,veg,Pan-Indian,"lunch, dinner",,130.05,1.52,28.27,1.92,0.02,62.58,0.13,5.13,16.65,64.67,0.1,piece,311.8,405.44
BFP389,Dil bahar,dish,veg,Pan-Indian,"lunch, dinner",,130.05,1.52,28.27,1.92,0.02,62.58,0.13,5.13,16.65,64.67,0.1,piece,311.8,405.44
BFP390,Rasbhari,dish,veg,Pan-Indian,"lunch, dinner",,130.05,1.52,28.27,1.92,0.02,62.58,0.13,5.13,16.65,64.67,0.1,piece,311.8,405.44
BFP391,Rajbogh,dish,veg,Pan-Indian,"lunch, dinner",,133.7,1.71,28.16,2.28,0.11,63.23,0.17,6.42,16.57,73.47,0.1,piece,314.5,420.55
BFP392,Rasgulla,dish,veg,East Indian,high tea,,118.64,1.38,25.79,1.75,0.01,57.09,0.12,4.68,15.19,58.99,0.09,piece,341.7,405.44
BFP393,Rasmalai,dish,veg,Pan-Indian,"lunch, dinner",,135.55,1.61,29.17,2.11,0.07,62.31,0.15,5.86,16.46,69.18,0.09,piece,317.4,430.28
BFP396,Khoa coconut burfi,dish,veg,South Indian,high tea,,411.45,9.98,36.55,26.01,4.07,309.84,2.1,54.94,31.14,459.51,0.0,piece,50.3,206.76
BFP397,Danedar burfi,dish,veg,Pan-Indian,high tea,,102.68,3.24,12.33,4.72,0.09,107.53,0.24,11.91,23.31,116.64,0.0,piece,139.7,143.47
BFP401,Semolina burfi (Suji/Rava burfi),dish,veg,Pan-Indian,high tea,Suji/Rava burfi,348.67,3.47,47.1,16.86,2.8,14.86,1.01,11.53,8.33,99.53,39.41,piece,46.8,163.25
BFP403,Pumpkin coconut burfi (Kaddu aur nariyal ki burfi),dish,veg,South Indian,high tea,Kaddu aur nariyal ki burfi,186.18,1.75,17.02,12.66,4.29,21.76,0.79,23.61,8.95,283.95,5.11,piece,60.1,111.94
BFP404,Khoa ladoo,dish,veg,Pan-Indian,high tea,,396.02,12.21,34.43,24.09,3.08,358.61,2.25,69.26,31.71,479.67,0.0,piece,45.0,178.21
BFP406,Wheat and gram flour ladoo (Atta besan ladoo),dish,veg,Pan-Indian,high tea,Atta besan ladoo,501.7,9.38,50.5,29.86,6.01,35.27,2.39,44.21,27.06,224.94,60.99,piece,30.2,151.76
BFP407,Semolina ladoo with nuts (Suji/Rava ladoo with nuts),dish,veg,Pan-Indian,high tea,Suji/Rava ladoo with nuts,441.84,5.44,48.02,25.45,4.27,18.04,1.81,29.99,3.93,189.25,58.8,piece,31.4,138.63
BFP412,Sesame chickpeas brittle (Til aur channe ki chikki),dish,veg,Pan-Indian,high tea,Til aur channe ki chikki,282.74,8.5,50.49,4.66,5.54,150.73,4.8,109.57,17.93,515.43,0.0,piece,35.0,98.96
BFP413,Murmura chikki,dish,veg,Pan-Indian,high tea,,253.82,2.12,59.59,0.32,0.37,63.3,3.3,74.94,15.03,298.86,0.0,piece,26.3,66.63
BFP415,Masala onion pakora/pakoda (Pyaaz ke pakode),condiment,veg,Pan-Indian,"breakfast, lunch, high tea, dinner",Pyaaz ke pakode; pakoda,551.64,2.05,6.48,57.61,1.44,11.06,0.42,9.65,99.22,70.11,0.0,pakora,70.5,389.03
BFP416,Masala green chilli pakora/pakoda (Hari mirch kay pakode),condiment,veg,Pan-Indian,"breakfast, lunch, high tea, dinner",Hari mirch kay pakode; pakoda,668.76,2.22,5.55,71.01,1.34,8.58,0.47,8.39,120.9,56.48,0.0,pakora,68.6,458.92
BFP420,Chicken pakora/pakoda,dish,non-veg,Pan-Indian,"high tea, lunch, dinner",pakoda,590.09,6.03,4.55,60.98,0.96,9.08,0.51,10.08,103.23,92.9,11.98,pakora,68.5,404.34
BFP421,Fish pakora/pakoda,dish,non-veg,Pan-Indian,"high tea, lunch, dinner",pakoda,577.03,5.97,4.55,59.52,0.96,12.65,0.63,13.44,112.24,95.62,9.04,pakora,68.5,395.39
BFP424,Paneer cutlet,dish,veg,North Indian,"high tea, lunch, dinner",,672.2,4.59,7.62,69.38,0.39,107.86,0.48,8.93,91.45,35.43,0.0,cutlet,150.0,1008.3
BFP425,Sago cutlet/vadas (Sabudana cutlet/vadas),dish,veg,Pan-Indian,high tea,Sabudana cutlet/vadas; vadas,558.76,0.56,11.23,56.97,0.54,5.43,0.38,7.6,48.17,138.97,0.0,cutlet,150.0,838.14
BFP427,Poshtik cutlet,dish,veg,Pan-Indian,high tea,,496.45,2.0,7.39,50.94,1.35,14.94,0.69,18.53,57.11,195.37,0.0,cutlet,150.0,744.67
BFP428,Egg cutlet (Anda cutlet),dish,egg,Pan-Indian,high tea,Anda cutlet,575.02,2.45,5.77,60.25,0.58,16.22,0.56,8.76,79.4,139.03,45.0,cutlet,150.0,862.53
BFP430,Minced meat cutlet,dish,non-veg,Pan-Indian,high tea,,531.86,5.1,5.61,54.47,0.4,20.82,0.63,8.14,95.81,88.67,16.5,cutlet,150.0,797.79
BFP431,Vegetable samosa,dish,veg,Pan-Indian,high tea,,443.11,2.21,13.22,42.22,1.52,10.37,0.6,14.78,107.7,189.07,4.06,samosa,100.9,447.23
BFP436,Plain urad dal vada (Uzunne vada/Minapa garelu/Ulundu vadai/Medu vada),dish,veg,South Indian,"high tea, lunch, dinner",Uzunne vada/Minapa garelu/Ulundu vadai/Medu vada,745.5,4.39,9.7,76.32,2.27,10.6,0.96,33.02,65.87,220.17,0.0,vada,78.9,588.01
BFP437,Masala urad dal vada,condiment,veg,South Indian,"breakfast, lunch, high tea, dinner",,703.78,4.32,9.93,71.62,2.71,11.87,1.0,33.89,61.49,232.79,0.0,vada,85.5,602.03
BFP439,Khaman (dhokla),dish,veg,West Indian,high tea,dhokla,54.73,1.92,5.36,2.8,1.49,5.31,0.58,11.46,124.1,92.49,0.0,dhokla,118.6,64.93
BFP440,Instant dhokla,dish,veg,West Indian,high tea,,207.11,7.66,24.11,9.37,3.57,66.58,1.05,25.8,763.98,187.95,2.59,dhokla,42.5,87.99
BFP442,Tomato ginger chutney (Tamatar adarak ki chutney),condiment,veg,Pan-Indian,"breakfast, lunch, high tea, dinner",Tamatar adarak ki chutney,44.66,1.05,9.11,0.32,2.14,23.63,1.08,20.73,209.42,227.56,0.0,tablespoon,16.4,7.33
BFP443,Mint tomato chutney (Pudinay aur tamatar ki chutney),condiment,veg,Pan-Indian,"breakfast, lunch, high tea, dinner",Pudinay aur tamatar ki chutney,43.65,1.53,8.22,0.36,2.63,47.59,2.06,32.52,183.98,268.71,0.0,tablespoon,18.9,8.26
BFP444,Coriander chutney (Hare dhaniye ki chutney),condiment,veg,Pan-Indian,"breakfast, lunch, high tea, dinner",Hare dhaniye ki chutney,42.86,1.38,8.16,0.37,2.47,39.8,1.63,27.59,186.64,269.63,0.0,tablespoon,18.9,8.11
BFP445,Gooseberry chutney (Amla chutney),condiment,veg,Pan-Indian,"breakfast, lunch, high tea, dinner",Amla chutney,43.02,1.44,8.83,0.62,4.58,46.4,1.22,22.58,215.09,269.12,0.0,tablespoon,16.0,6.9
BFP446,Walnut chutney (Akhrot ki chutney),condiment,veg,Pan-Indian,"breakfast, lunch, high tea, dinner",Akhrot ki chutney,370.43,9.44,8.91,33.46,3.04,119.57,1.77,100.09,160.0,351.46,3.33,tablespoon,12.4,45.92
BFP447,Saunth/Sonth chutney with ginger,condiment,veg,Pan-Indian,"breakfast, lunch, high tea, dinner",Sonth chutney with ginger,84.22,0.28,20.62,0.11,0.31,15.17,0.7,14.01,222.53,82.02,0.0,tablespoon,32.9,27.71
BFP448,Gun powder chutney,condiment,veg,Pan-Indian,"breakfast, lunch, high tea, dinner",,312.34,21.55,47.65,2.67,13.95,68.87,5.14,166.84,195.67,1183.29,0.0,tablespoon,13.9,43.47
BFP450,Dessicated coconut chutney (Sookhe kase nariyal ki chutney) ,condiment,veg,South Indian,"breakfast, lunch, high tea, dinner",Sookhe kase nariyal ki chutney,346.36,12.88,36.72,15.88,13.16,73.55,5.44,101.68,321.07,821.02,0.0,tablespoon,10.8,37.47
BFP451,Curd mint dip ,dish,veg,Pan-Indian,"lunch, dinner",,76.13,4.82,9.11,2.44,0.77,172.79,0.82,25.58,222.77,280.81,8.34,tablespoon,33.0,25.09
BFP452,Curd vegetable dip,dish,veg,Pan-Indian,"lunch, dinner",,56.21,3.88,6.04,1.94,0.63,129.58,0.37,17.18,132.48,243.19,6.59,tablespoon,27.8,15.63
BFP453,Mayonnaise vegetable dip,dish,veg,Continental,"lunch, dinner",,241.27,3.01,4.8,23.44,0.41,91.42,0.28,11.86,119.58,168.95,29.91,tablespoon,42.8,103.28
BFP455,Tomato and cucumber sandwich (Tamatar aur kheere ka sandwich),dish,veg,Pan-Indian,"breakfast, high tea",Tamatar aur kheere ka sandwich,150.68,4.03,20.51,6.31,2.1,76.75,1.15,22.08,222.22,168.24,13.52,sandwich,78.7,118.66
BFP456,Tomato sandwich (grilled),dish,veg,Pan-Indian,breakfast,grilled,189.92,6.26,21.29,9.39,1.91,150.9,0.88,19.26,420.6,156.87,24.95,sandwich,76.8,145.77
BFP457,French sandwich (toasted),dish,veg,Pan-Indian,"breakfast, high tea",toasted,186.75,6.82,14.82,11.51,1.37,100.73,1.24,18.82,274.68,153.54,104.86,sandwich,111.6,208.46
BFP458,Peanut butter cucumber sandwich,dish,veg,Pan-Indian,breakfast,,243.33,9.04,29.76,10.56,3.35,95.35,1.32,50.4,460.09,249.54,0.0,sandwich,55.3,134.44
BFP459,Mint and peanut sandwich,dish,veg,Pan-Indian,breakfast,,273.59,7.18,31.83,13.88,3.67,114.99,1.7,34.02,453.3,198.91,21.7,sandwich,49.1,134.29
BFP460,Spicy chutney sandwich,condiment,veg,Pan-Indian,"breakfast, lunch, high tea, dinner",,249.58,8.74,34.03,9.58,3.73,154.53,1.51,34.25,315.4,256.04,2.86,sandwich,57.7,143.92
BFP461,Chicken walnut sandwich (Chicken aur akhrot ke sandwich),dish,non-veg,Pan-Indian,"breakfast, lunch, dinner",Chicken aur akhrot ke sandwich,285.78,12.58,22.62,16.77,1.53,78.45,1.12,21.74,287.39,185.95,31.68,sandwich,66.6,190.4
BFP463,Rolled sandwich,dish,veg,Pan-Indian,"breakfast, high tea",,293.07,6.45,34.69,15.29,2.07,117.68,1.23,17.8,321.57,144.43,35.25,sandwich,22.0,64.47
BFP466,Ribbon sandwich,dish,veg,Pan-Indian,breakfast,,239.26,6.26,24.76,13.37,2.92,157.85,1.05,23.81,382.11,152.57,34.85,ribbon,42.8,102.29
BFP467,Checker board sandwich,dish,veg,Pan-Indian,breakfast,,348.37,7.37,25.94,24.65,2.22,188.02,1.11,23.8,358.25,140.33,64.42,square,36.8,128.17
BFP468,Submarine sandwich,dish,veg,Pan-Indian,breakfast,,216.92,6.09,13.6,15.32,1.24,72.35,1.23,13.19,254.28,130.98,62.46,hot dog bun,194.4,421.63
BFP470,Cheese open sandwich,dish,veg,Pan-Indian,breakfast,,274.07,9.84,28.42,14.24,1.74,256.25,1.22,23.29,504.41,147.36,28.38,sandwich,55.0,150.74
BFP471,Sunset and sunrise open sandwich,dish,veg,Pan-Indian,breakfast,,241.31,8.58,18.89,15.14,1.39,114.07,1.28,16.08,381.29,132.15,123.49,sandwich,82.7,199.68
BFP472,Danish luncheon sandwich,dish,veg,Pan-Indian,breakfast,,193.82,9.03,17.77,10.1,1.52,77.13,1.27,17.99,365.63,164.39,124.4,sandwich,86.4,167.41
BFP473,Chicken and corn open sandwich,dish,non-veg,Pan-Indian,"breakfast, lunch, dinner",,188.16,8.63,19.21,8.83,1.67,65.13,0.8,14.48,226.72,143.0,31.78,sandwich,108.4,203.92
BFP476,Chocolate sponge cake,dish,veg,Continental,high tea,,239.86,9.13,39.54,5.51,0.52,33.99,1.81,36.21,61.47,167.86,173.46,piece,70.3,168.7
BFP478,Chocolate swiss roll,dish,veg,Pan-Indian,high tea,,306.08,6.01,26.97,19.76,0.29,42.79,1.08,24.88,44.53,135.64,138.28,swiss roll,47.4,145.0
BFP479,Lemon curd filling,dish,veg,Pan-Indian,"lunch, dinner",,225.62,3.43,26.41,12.58,0.0,16.39,0.6,3.7,34.9,47.38,118.13,tablespoon,25.0,56.41
BFP480,Jam filling,condiment,veg,Pan-Indian,"breakfast, lunch, high tea, dinner",,184.62,0.0,46.15,0.0,0.0,0.0,0.0,0.0,0.0,0.0,0.0,tablespoon,16.2,30.0
BFP482,Chocolate pastry,dish,veg,Continental,"lunch, dinner",,243.37,7.05,32.24,10.12,0.32,50.7,1.44,38.78,46.54,175.33,121.03,pastry,87.1,211.93
BFP483,Assorted pastry,dish,veg,Continental,"lunch, dinner",,230.74,6.78,31.99,8.91,0.43,47.2,0.94,11.05,49.99,100.58,131.02,pastry,80.3,185.36
BFP484,Orange gateau,dish,veg,Pan-Indian,"lunch, dinner",,178.05,4.78,27.01,6.02,0.68,41.69,0.89,10.77,80.41,117.51,87.91,piece,79.8,142.1
BFP485,Black forest gateau,dish,veg,Pan-Indian,"lunch, dinner",,217.82,5.94,30.57,8.58,0.28,46.79,1.09,26.03,79.37,138.54,107.21,piece,65.5,142.76
BFP489,Lemon cake,dish,veg,Pan-Indian,high tea,,373.85,5.29,43.1,20.63,0.62,32.77,0.91,10.65,151.29,80.6,123.01,piece,61.0,228.05
BFP491,Dundee cake,dish,veg,Pan-Indian,high tea,,396.62,7.78,41.4,22.7,1.81,58.11,1.57,19.42,182.74,169.79,111.12,piece,60.3,239.31
BFP492,Victorian sandwich cake,dish,veg,Pan-Indian,"breakfast, high tea",,373.09,5.18,44.74,19.83,0.59,36.25,0.86,9.92,145.28,74.16,117.02,piece,64.1,239.24
BFP495,Chocolate eggless cake,dish,veg,Pan-Indian,high tea,,312.01,6.66,43.45,13.19,0.32,185.38,0.95,51.12,196.61,317.29,35.49,piece,114.5,357.25
BFP496,Orange eggless cake,dish,veg,Pan-Indian,high tea,,355.62,7.16,52.65,13.82,0.56,205.84,0.52,26.13,226.28,277.82,40.97,piece,99.2,352.66
BFP498,Chocolate glace icing,condiment,veg,Continental,"breakfast, lunch, high tea, dinner",,436.29,3.22,62.43,20.8,0.0,26.75,2.04,87.44,8.66,264.16,44.49,tablespoon,23.9,104.44
BFP499,Butter icing,condiment,veg,Continental,"breakfast, lunch, high tea, dinner",,500.72,0.19,71.64,25.37,0.0,12.48,0.14,2.12,5.98,13.56,65.74,tablespoon,16.2,81.12
BFP500,Chocolate butter icing,condiment,veg,Continental,"breakfast, lunch, high tea, dinner",,469.59,3.21,61.72,24.77,0.0,31.87,1.85,87.55,4.99,258.74,54.9,tablespoon,19.4,91.1
BFP502,Almond biscuit (Badam ke biscuit),dish,veg,Pan-Indian,high tea,Badam ke biscuit,407.74,6.25,52.14,19.7,1.5,44.05,1.11,23.88,151.76,108.03,73.79,biscuit,18.6,75.74
BFP505,Orange biscuit,dish,veg,Pan-Indian,high tea,,354.78,3.63,62.11,11.01,0.75,20.35,0.77,9.64,259.14,62.46,51.51,biscuit,60.5,214.64
BFP506,Gingerman biscuit,dish,veg,Pan-Indian,high tea,,357.43,6.26,55.24,12.73,2.0,41.35,1.59,20.44,918.57,119.45,70.42,gingerman,35.5,127.03
BFP507,Coffee drops,drink,veg,Pan-Indian,"breakfast, lunch, high tea, dinner",,443.07,7.57,43.06,27.16,1.88,57.09,1.48,48.6,88.17,196.91,94.23,small,11.8,52.3
BFP508,Christmas biscuit,dish,veg,Pan-Indian,high tea,,406.07,5.67,60.97,15.88,2.17,29.07,1.2,16.46,127.36,98.76,64.54,biscuit,20.7,84.11
BFP509,Christmas wreath biscuit,dish,veg,Pan-Indian,high tea,,386.05,5.43,58.07,15.01,2.28,29.71,1.21,16.47,120.2,109.25,60.87,biscuit,22.0,84.79
BFP510,Christmas bell biscuit,dish,veg,Pan-Indian,high tea,,404.85,5.66,60.79,15.84,2.33,32.0,1.22,16.59,127.01,99.76,64.34,biscuit,20.8,84.11
BFP511,Christmas star biscuit,dish,veg,Pan-Indian,high tea,,392.03,3.54,74.54,10.04,1.47,22.75,0.96,15.78,76.09,74.73,35.98,biscuit,37.2,145.64
BFP512,Christmas tree biscuit,dish,veg,Pan-Indian,high tea,,385.63,5.43,58.41,15.0,2.65,35.04,1.18,16.38,120.45,102.25,60.87,biscuit,22.0,84.69
BFP513,Chocolate cream shells,dish,veg,Pan-Indian,"lunch, dinner",,427.17,5.1,59.26,19.34,0.9,28.53,1.08,20.27,126.84,97.19,80.56,shell,23.0,98.2
BFP516,Jelly biscuit,condiment,veg,Pan-Indian,"breakfast, lunch, high tea, dinner",,404.61,4.23,55.24,19.33,2.02,36.46,1.19,29.4,110.57,118.08,44.67,biscuit,17.9,72.45
BFP517,Cherry and walnut cookies,dish,veg,Pan-Indian,high tea,,422.6,5.63,59.35,18.75,1.3,46.27,1.31,30.43,114.62,125.24,60.15,cookies,17.6,74.27
BFP518,Cheese straws,dish,veg,Pan-Indian,"lunch, dinner",,382.0,9.83,30.61,24.28,1.29,160.64,1.29,21.19,587.42,123.91,201.93,straw,9.6,36.85
BFP519,Butterfly biscuit,dish,veg,Pan-Indian,high tea,,341.45,9.98,25.33,22.11,1.02,202.49,1.09,20.46,572.05,128.56,169.12,biscuit,12.1,41.48
BFP521,Flan pastry,dish,veg,Continental,"lunch, dinner",,445.8,6.72,47.84,25.04,1.58,21.85,1.15,19.16,193.23,97.91,102.33,pastry,52.2,232.93
BFP522,Fruit flan,dish,veg,Pan-Indian,"lunch, dinner",,261.35,3.3,34.71,12.48,0.71,19.28,0.61,11.26,110.04,73.84,49.52,flan,200.0,522.7
BFP523,Orange cream flan,dish,veg,Pan-Indian,"lunch, dinner",,280.28,4.73,36.16,13.59,0.63,27.9,0.93,9.77,82.41,97.95,119.55,flan,200.0,560.56
BFP527,Fruit puree tart,dish,veg,Pan-Indian,"lunch, dinner",,286.5,3.35,30.42,16.83,1.31,19.64,0.63,12.89,49.65,94.06,42.87,tart,55.6,159.4
BFP529,Apple banana pie,dish,veg,Pan-Indian,breakfast,,243.99,3.13,32.12,11.39,1.89,21.23,0.79,21.52,384.43,144.28,24.66,pie,150.0,365.99
BFP531,Lemon chiffon pie,dish,veg,Pan-Indian,"lunch, dinner",,259.31,4.88,27.63,14.52,0.66,34.43,0.61,10.86,94.95,78.6,70.3,pie,150.0,388.96
BFP532,Orange chiffon pie,dish,veg,Pan-Indian,"lunch, dinner",,207.57,3.89,23.14,11.16,0.7,30.34,0.62,11.03,73.23,100.87,53.94,pie,150.0,311.36
BFP534,Cream buns,dish,veg,Pan-Indian,"lunch, dinner",,215.74,4.45,14.16,15.81,0.31,45.27,0.5,8.47,45.49,79.54,93.93,bun,83.3,179.67
BFP535,Savoury puffs,dish,veg,Pan-Indian,high tea,,190.79,9.51,10.8,15.24,0.33,68.83,1.19,17.43,2274.24,180.95,70.73,puff,138.4,264.0
BFP536,Choux swans,dish,veg,Pan-Indian,"lunch, dinner",,216.34,4.35,14.92,15.6,0.35,44.67,0.51,8.68,145.08,81.04,92.21,swan,171.2,370.29
BFP539,Potato aigrettes,dish,veg,Pan-Indian,"lunch, dinner",,530.03,2.35,8.01,54.24,0.45,9.2,0.45,6.94,112.45,93.81,49.7,aigrette,41.4,219.41
BFP541,Cream horns,dish,veg,Pan-Indian,"lunch, dinner",,408.23,3.42,23.12,33.55,0.6,30.93,0.44,9.61,57.11,72.97,93.08,horn,115.1,469.97
BFP542,Savoury cheese horns,dish,veg,Pan-Indian,"lunch, dinner",,295.15,5.66,21.38,20.71,0.73,121.83,0.63,14.28,212.28,105.28,50.63,horn,73.9,218.16
BFP544,Paneer patties,dish,veg,North Indian,"lunch, dinner",,338.58,7.6,22.79,23.96,1.18,129.9,0.79,18.29,158.44,93.01,45.19,patty,100.7,340.99
BFP545,Vegetable patties ,dish,veg,Pan-Indian,"lunch, dinner",,261.92,4.01,20.98,17.74,2.62,18.96,0.87,20.62,139.52,180.62,39.33,patty,115.7,303.07
BFP546,Pearl millet infant food (Bajra shishu aahaar),dish,veg,Pan-Indian,breakfast,Bajra shishu aahaar,362.44,11.98,62.1,6.62,7.84,118.52,5.67,143.55,12.67,602.95,0.0,1 katori,50.0,181.22
BFP547,Sajina,dish,veg,Pan-Indian,"lunch, dinner",,345.26,10.81,66.87,3.03,7.62,54.4,5.39,127.5,11.7,582.5,0.0,1 katori,50.0,172.63
BFP548,Cereal mix ,dish,veg,Pan-Indian,breakfast,,120.81,3.32,21.84,2.02,2.03,21.4,1.18,32.77,9.29,179.18,0.0,1 katori,125.0,151.01
BFP549,Pulse mix,dish,veg,Pan-Indian,"lunch, dinner",,83.29,3.16,16.0,0.54,2.25,14.93,1.29,28.72,3.88,151.35,0.0,1 katori,133.3,111.06
BFP550,Shishu ahar,dish,veg,Pan-Indian,breakfast,,93.37,2.61,17.42,1.43,1.02,13.78,1.02,23.11,2.68,82.43,0.0,1 katori,133.3,124.49
BFP552,Cereal pulse mix with amylase rice flour,dish,veg,Pan-Indian,"breakfast, lunch, dinner",,151.57,4.27,27.8,2.74,3.47,12.61,1.19,34.43,1.03,96.86,0.0,1 katori,85.0,128.84
BFP553,Banana groundnut paste/puree,condiment,veg,Pan-Indian,"breakfast, lunch, high tea, dinner",puree,213.19,4.27,36.15,5.45,1.7,74.93,1.9,65.75,16.85,357.4,0.0,1 tbsp,100.0,213.19
BFP554,Rice dal porridge (Chawal dal ki khichdi/khichri),dish,veg,Pan-Indian,"breakfast, lunch, dinner",Chawal dal ki khichdi/khichri,383.33,10.8,65.04,8.33,4.51,50.46,2.76,100.09,12.33,465.8,0.0,1 katori,33.3,127.78
BFP555,Lentils and semolina porridge (Dal suji porridge/daliya),dish,veg,Pan-Indian,"breakfast, lunch, dinner",Dal suji porridge/daliya,117.29,3.26,23.19,1.06,1.44,44.74,1.22,30.44,9.64,188.0,0.0,1 katori,200.0,234.58
BFP556,Spinach khichri (Palak khichri/khichdi),dish,veg,Pan-Indian,"lunch, dinner",Palak khichri/khichdi,102.18,3.43,17.35,1.91,1.56,10.43,0.65,23.26,69.59,170.86,0.0,1 katori,150.2,153.52
BFP557,Vegetable mix,dish,veg,Pan-Indian,"lunch, dinner",,174.21,4.7,36.02,0.94,1.93,90.06,2.27,68.98,34.94,527.2,2.2,1 katori,100.0,174.21
BFP558,Lentils and wheat porridge (Dal wheat porridge/daliya ),dish,veg,Pan-Indian,"breakfast, lunch, dinner",Dal wheat porridge/daliya ,52.54,2.71,8.36,0.94,1.28,26.28,0.52,10.67,62.79,94.87,0.0,1 katori,170.2,89.44
BFP559,Maize porridge,dish,veg,Pan-Indian,breakfast,,89.57,2.14,15.64,1.89,1.68,17.02,1.11,31.35,5.59,140.18,0.0,1 katori,170.0,152.27
BFP560,Spinach peanut burfi (Palak aur mungfali ki burfi),dish,veg,Pan-Indian,high tea,Palak aur mungfali ki burfi,105.37,3.36,13.59,4.39,2.07,40.95,1.61,56.97,19.52,331.67,0.0,1 katori,240.0,252.89
BFP561,Split bengal gram burfi/fudge (Channa dal burfi),dish,veg,North Indian,"high tea, lunch, dinner",Channa dal burfi; fudge,287.36,4.65,54.63,7.09,2.06,16.44,0.62,13.65,2.53,64.96,15.06,piece,61.3,176.01
BFP563,Chickpea flour cookies (Sweet besan rounds/cookies),dish,veg,Pan-Indian,high tea,Sweet besan rounds/cookies,207.01,4.29,39.64,3.42,2.56,54.95,2.16,53.73,22.29,283.6,6.15,piece,25.0,51.75
BFP564,Pearl millet mathri (Bajra mathri),dish,veg,Pan-Indian,high tea,Bajra mathri,785.08,1.82,7.42,83.12,1.36,4.63,0.72,12.87,33.17,42.34,6.55,piece,150.1,1178.6
BFP565,Sesame biscuit (Til ke biscuit),dish,veg,Pan-Indian,high tea,Til ke biscuit,424.03,8.27,53.65,19.34,6.83,298.06,5.73,151.07,182.26,373.54,28.19,biscuit,14.5,61.66
BFP566,Fermented bengal gram vada (Khameerikrit/Ufna hua channa dal ka vada),dish,veg,South Indian,"high tea, lunch, dinner",Khameerikrit/Ufna hua channa dal ka vada,657.57,4.05,8.68,67.19,2.65,20.5,1.38,36.88,63.87,267.47,0.0,vada,90.1,592.64
BFP568,Poshtik namak paras,dish,veg,Pan-Indian,high tea,,613.39,6.49,19.52,56.58,4.55,60.74,2.03,61.0,44.01,203.84,14.3,piece,12.9,79.13
BFP569,Soya chikki,dish,veg,Pan-Indian,high tea,,423.7,7.18,62.89,15.51,3.55,81.25,4.47,102.97,17.24,534.75,32.71,piece,75.2,318.83
BFP570,Besan bathua chilla/cheela,dish,veg,Pan-Indian,breakfast,cheela,373.82,11.48,40.65,18.57,7.79,64.75,2.68,70.42,166.36,274.89,40.83,cheela,30.1,112.61
BFP571,Wheat flour and nuts ladoos (Atta nuts ladoos),dish,veg,Pan-Indian,high tea,Atta nuts ladoos,391.9,9.46,44.31,19.19,7.3,127.29,4.01,124.38,8.07,338.21,25.45,ladoo,36.2,142.06
BFP573,Gram flour and semolina dhokla (Besan suji dhokla),dish,veg,West Indian,high tea,Besan suji dhokla,198.91,8.52,25.92,7.1,4.59,66.66,1.6,38.17,196.59,262.4,1.39,piece,98.8,196.5
BFP574,Atta dal burfi ,dish,veg,Pan-Indian,"high tea, lunch, dinner",,298.8,6.66,40.64,12.47,4.08,17.07,1.56,57.29,3.56,268.58,23.81,piece,38.7,115.78
BFP575,Soya roti,dish,veg,Pan-Indian,"lunch, dinner",,283.96,9.18,40.03,9.23,8.71,53.42,3.85,114.51,155.93,481.32,0.02,roti,50.3,142.93
BFP576,Poshtik khichdi/khichri,dish,veg,Pan-Indian,"lunch, dinner",khichri,93.37,3.04,15.64,1.88,2.0,30.41,1.0,27.73,41.67,139.53,0.0,plate,300.0,280.11
BFP577,Namkeen daliya,dish,veg,Pan-Indian,"breakfast, high tea, lunch, dinner",,295.11,8.29,49.32,7.99,8.57,35.98,2.99,4.34,149.63,51.52,0.0,plate,117.3,346.14
BFP578,Sprouts upma ,dish,veg,South Indian,breakfast,,316.25,9.5,44.96,10.44,7.16,36.78,2.76,44.1,147.82,248.98,0.0,plate,95.3,301.49
BFP579,Semolina idli (Suji/Rava idli),dish,veg,South Indian,breakfast,Suji/Rava idli,206.39,9.34,33.67,3.47,5.85,100.85,2.34,53.71,185.02,413.85,3.48,idli,29.6,61.14
BFP580,Poshtik chilla/cheela,dish,veg,Pan-Indian,breakfast,cheela,159.53,4.85,27.47,3.04,4.91,18.18,2.1,55.64,97.18,150.74,0.0,cheela,72.3,115.37
BFP583,Apple jelly (Seb ki jelly),condiment,veg,Pan-Indian,"breakfast, lunch, high tea, dinner",Seb ki jelly,152.13,0.1,39.37,0.21,0.86,7.89,0.15,3.36,2.14,40.33,0.0,1 katori,150.0,228.2
BFP585,Marmalade (Murabba),condiment,veg,Continental,"breakfast, lunch, high tea, dinner",Murabba,143.76,0.23,37.64,0.04,0.43,9.84,0.34,4.35,2.16,56.33,0.0,1 katori,150.0,215.64
BFP589,Plum squash (Aloo bukhara squash),drink,veg,Continental,"breakfast, lunch, high tea, dinner",Aloo bukhara squash,211.17,0.16,55.51,0.1,0.52,6.9,0.16,2.97,12.71,43.01,0.0,1 glass,200.0,422.34
BFP595,Lemon green chilli pickle (Nimboo aur hari mirch ka achaar),condiment,veg,Pan-Indian,"breakfast, lunch, high tea, dinner",Nimboo aur hari mirch ka achaar,14.07,0.85,2.14,0.24,1.07,20.05,0.55,23.19,7559.38,138.0,0.0,1 tbsp,15.0,2.11
BFP597,Brinjal pickle (Baingan ka achaar),condiment,veg,Pan-Indian,"breakfast, lunch, high tea, dinner",Baingan ka achaar,139.01,2.24,4.23,12.98,4.62,37.28,2.16,40.36,3507.59,305.87,0.0,1 tbsp,15.0,20.85
BFP598,Sweet and sour tomato pickle (Khatta meetha tamatar ka achaar),condiment,veg,Pan-Indian,"breakfast, lunch, high tea, dinner",Khatta meetha tamatar ka achaar,60.88,1.26,6.55,3.24,2.2,15.18,0.54,21.26,1281.94,203.12,0.0,1 tbsp,15.0,9.13
BFP599,Jhatpat achar with carrot (Jhatpat achaar gajar ke saath),condiment,veg,Pan-Indian,"breakfast, lunch, high tea, dinner",Jhatpat achaar gajar ke saath,91.21,1.98,6.32,6.55,5.08,54.31,2.32,36.57,2067.33,341.4,0.0,1 tbsp,15.0,13.68
BFP601,Tomato chutney (Tamatar ki chutney),condiment,veg,Pan-Indian,"breakfast, lunch, high tea, dinner",Tamatar ki chutney,176.07,0.97,31.85,6.01,1.49,25.34,0.96,17.52,823.65,157.35,0.0,1 tbsp,15.0,26.41
BFP602,Tomato ketchup,condiment,veg,Pan-Indian,"breakfast, lunch, high tea, dinner",Tamatar Ketchup,33.07,0.91,6.48,0.3,1.9,15.33,0.36,14.66,177.97,172.57,0.0,1 tbsp,15.0,4.96
BFP604,Stuffed bittergourd (dry) (Bharwa karela),dish,veg,Pan-Indian,"lunch, dinner",dry; Bharwa karela,217.65,1.29,2.49,22.38,3.0,16.72,1.29,28.1,519.29,284.18,0.0,bowl,106.1,230.9
BFP605,Cauliflower potato canjee,dish,veg,Pan-Indian,"lunch, dinner",,16.79,0.57,2.63,0.39,0.69,6.78,0.28,7.81,35.58,117.27,0.0,glass,211.9,35.58
BFP606,Creamed spinach,dish,veg,Pan-Indian,"lunch, dinner",,96.91,5.18,4.44,6.39,1.33,122.3,1.89,51.53,156.02,385.36,59.6,small bowl,220.0,213.2
BFP607,Mango milkshake with ice cream (Aam milkshake ice cream ke saath),drink,veg,Pan-Indian,"breakfast, lunch, high tea, dinner",Aam milkshake ice cream ke saath,68.35,1.93,9.18,2.8,0.23,69.36,0.15,6.62,16.64,85.24,1.3,tall glass,300.0,205.05
BFP608,Pineapple milkshake with ice cream (Ananas milkshake ice cream ke saath),drink,veg,Pan-Indian,"breakfast, lunch, high tea, dinner",Ananas milkshake ice cream ke saath,68.49,1.93,9.33,2.75,0.42,68.78,0.12,6.54,16.65,85.12,1.3,tall glass,300.0,205.47
BFP609,Orange milkshake with ice cream (Narangi milkshake ice cream ke saath),drink,veg,Pan-Indian,"breakfast, lunch, high tea, dinner",Narangi milkshake ice cream ke saath,67.82,1.95,9.15,2.75,0.16,69.8,0.19,6.35,16.65,87.59,1.3,tall glass,300.0,203.46
CUS001,Chicken biryani,dish,non-veg,North Indian,"lunch, dinner",murgh biryani; chicken biriyani,196.0,10.5,21.0,7.6,1.2,,,,480.0,,,1 plate,350.0,686.0
CUS002,Chicken seekh kebab,dish,non-veg,North Indian,"high tea, lunch, dinner",murgh seekh kebab,224.0,18.5,3.2,15.2,0.5,,,,520.0,,,2 pieces,120.0,268.8
CUS003,Malai chaap,dish,veg,North Indian,"high tea, lunch, dinner",malai soya chaap; creamy chaap,252.0,15.8,10.4,16.5,2.4,,,,430.0,,,1 plate,150.0,378.0
CUS004,Masala chaap,dish,veg,North Indian,"high tea, lunch, dinner",masala soya chaap; tandoori chaap,231.0,16.2,12.1,13.4,2.6,,,,470.0,,,1 plate,150.0,346.5
CUS005,Chicken shawarma,dish,non-veg,Continental,"high tea, lunch, dinner",murgh shawarma; chicken shawarma roll,216.0,15.4,18.2,9.1,1.4,,,,610.0,,,1 roll,250.0,540.0
CUS006,Lamb shawarma,dish,non-veg,Continental,"high tea, lunch, dinner",mutton shawarma; lamb shawarma roll,251.0,15.1,17.4,13.2,1.3,,,,630.0,,,1 roll,250.0,627.5
CUS007,Steamed vegetables,dish,veg,Continental,"lunch, dinner",steamed veg; ubli sabzi,52.0,2.6,9.1,0.5,3.2,,,,35.0,,,1 katori,150.0,78.0
CUS008,Paneer momos (steamed),dish,veg,Indo-Chinese,"high tea, lunch, dinner",paneer momo; veg paneer dumpling,203.0,8.4,26.2,7.1,1.6,,,,390.0,,,6 pieces,140.0,284.2
CUS009,Chicken momos (steamed),dish,non-veg,Indo-Chinese,"high tea, lunch, dinner",chicken momo; chicken dumpling,181.0,11.3,23.8,4.6,1.2,,,,410.0,,,6 pieces,140.0,253.4
CUS010,Fried momos (veg),dish,veg,Indo-Chinese,"high tea, lunch, dinner",veg momo; fried momos; veg dumpling,263.0,7.4,29.6,13.2,2.1,,,,420.0,,,6 pieces,140.0,368.2
CUS011,Tandoori momos (veg),dish,veg,Indo-Chinese,"high tea, lunch, dinner",veg momo; tandoori momos; veg dumpling,232.0,7.8,27.1,10.8,2.0,,,,450.0,,,6 pieces,140.0,324.8
CUS012,Fried momos (paneer),dish,veg,Indo-Chinese,"high tea, lunch, dinner",paneer momo; fried momos; paneer dumpling,281.0,10.1,27.8,15.1,1.6,,,,435.0,,,6 pieces,140.0,393.4
CUS013,Fried momos (chicken),dish,non-veg,Indo-Chinese,"high tea, lunch, dinner",chicken momo; fried momos; chicken dumpling,248.0,12.8,26.4,11.2,1.3,,,,445.0,,,6 pieces,140.0,347.2
CUS014,Tandoori momos (paneer),dish,veg,Indo-Chinese,"high tea, lunch, dinner",paneer momo; tandoori momos; paneer dumpling,249.0,10.4,25.2,12.4,1.5,,,,462.0,,,6 pieces,140.0,348.6
CUS015,Tandoori momos (chicken),dish,non-veg,Indo-Chinese,"high tea, lunch, dinner",chicken momo; tandoori momos; chicken dumpling,221.0,13.1,24.1,8.9,1.2,,,,470.0,,,6 pieces,140.0,309.4
OSR001,Woodapple juice (Bel ka sharbat),drink,veg,Pan-Indian,"breakfast, lunch, high tea, dinner",Bel ka sharbat,34.18,0.63,6.51,0.7,1.03,11.85,0.12,5.23,127.45,71.86,0.0,glass,250.0,85.45
OSR002,Sattu drink,drink,veg,Pan-Indian,"breakfast, lunch, high tea, dinner",,23.38,0.56,5.16,0.14,0.4,1.59,0.17,3.17,12.65,25.27,0.0,glass,250.0,58.45
OSR004,Apple and honey sorbet (Seb aur shehad ka sharbat),drink,veg,Pan-Indian,"breakfast, lunch, high tea, dinner",Seb aur shehad ka sharbat,121.3,0.15,30.74,0.29,1.13,9.11,0.18,4.29,1.97,56.42,0.0,cup,162.4,196.96
OSR005,Thandai,drink,veg,Pan-Indian,"breakfast, lunch, high tea, dinner",,101.18,3.59,9.13,5.89,0.8,112.31,0.6,25.58,22.69,140.99,0.0,glass,250.0,252.95
OSR006,Cucumber sharbat (Kheere ka sharbat),drink,veg,Pan-Indian,"breakfast, lunch, high tea, dinner",Kheere ka sharbat,27.28,0.26,6.64,0.06,0.78,6.49,0.18,7.54,2.57,67.04,0.0,glass,250.0,68.2
OSR007,Apple oats chia seed smoothie,drink,veg,Pan-Indian,"breakfast, lunch, high tea, dinner",,85.64,3.49,13.07,2.48,1.44,88.89,0.5,23.55,32.02,169.25,4.32,glass,250.0,214.1
OSR008,Nannari sharbat,drink,veg,Pan-Indian,"breakfast, lunch, high tea, dinner",,88.79,0.01,23.62,0.01,0.0,2.67,0.05,0.61,1.16,3.35,0.0,cup,200.0,177.58
OSR009,Semolina milk drink (Thari kanji),drink,veg,Pan-Indian,"breakfast, lunch, high tea, dinner",Thari kanji,44.16,0.98,6.93,1.36,0.72,8.26,0.36,11.57,11.95,84.57,0.93,cup,200.0,88.32
OSR010,Saffron milk (Kesariya doodh),dish,veg,Pan-Indian,breakfast,Kesariya doodh,102.18,3.17,12.64,4.57,0.14,110.88,0.21,10.54,23.69,114.64,0.0,glass,250.0,255.45
OSR011,Black rice kheer (Chak-hao kheer),dish,veg,Pan-Indian,"high tea, lunch, dinner",Chak-hao kheer,147.94,4.37,22.93,4.91,0.76,94.89,0.46,6.8,25.77,104.34,0.0,bowl,207.7,307.22
OSR012,Coconut kheer (Nariyal ki kheer),dish,veg,South Indian,high tea,Nariyal ki kheer,162.61,3.4,14.42,10.55,1.53,89.52,0.53,23.26,45.97,188.16,3.22,bowl,250.0,406.52
OSR013,Apple sago payasam (Seb aur sabudana ki kheer),dish,veg,South Indian,high tea,Seb aur sabudana ki kheer,136.5,3.13,14.4,7.66,0.38,102.11,0.31,16.81,39.45,129.65,10.85,bowl,250.0,341.25
OSR014,Kesari bath,dish,veg,South Indian,"lunch, dinner",,244.57,2.4,31.38,12.59,1.65,7.7,0.69,16.01,1.7,65.68,27.84,bowl,176.7,432.24
OSR015,Putharekulu,dish,veg,Pan-Indian,"lunch, dinner",,318.3,3.66,59.61,7.55,1.75,6.11,0.38,12.93,2.67,67.48,18.39,roll,53.5,170.29
OSR016,Mango malpua,dish,veg,Pan-Indian,"lunch, dinner",,334.64,1.65,12.84,30.67,2.08,10.64,0.7,20.34,1.89,89.28,75.21,piece,392.9,1314.71
OSR017,Mango vanilla custard,dish,veg,Pan-Indian,high tea,,147.63,3.43,18.41,7.04,0.99,84.86,0.58,25.11,30.12,160.49,0.35,glass,203.3,300.06
OSR018,Kiwi granola pudding,dish,veg,Pan-Indian,high tea,,280.99,5.6,32.33,15.36,3.71,62.2,1.45,36.13,59.21,274.53,20.27,bowl,250.0,702.48
OSR019,Oats burfi,dish,veg,Pan-Indian,"breakfast, high tea",,425.19,8.89,62.47,17.27,4.96,128.58,2.46,96.12,8.15,314.78,10.33,piece,60.3,256.18
OSR020,Lotus seed halwa (Kamal gattay ka halwa),dish,veg,Pan-Indian,high tea,Kamal gattay ka halwa,370.55,7.79,39.56,20.69,0.42,82.84,1.8,105.76,3.06,658.52,45.24,piece,362.5,1343.24
OSR021,Amaranth ladoo (Rajgira ladoo),dish,veg,Pan-Indian,high tea,Rajgira ladoo,454.15,10.12,51.33,22.7,5.11,144.58,6.47,231.95,7.51,414.93,33.64,ladoo,43.9,199.28
OSR022,Chhena poda,dish,veg,Pan-Indian,"lunch, dinner",,344.57,13.68,33.64,17.94,1.4,295.29,1.41,65.71,13.0,150.27,3.31,slice,74.2,255.84
OSR023,Sweet couscous dessert,dish,veg,Pan-Indian,"lunch, dinner",,196.2,3.81,29.69,7.69,2.18,30.94,0.84,31.24,4.22,183.41,9.37,bowl,230.2,451.75
OSR024,Sweetened yogurt (Shrikhand),dish,veg,Pan-Indian,"lunch, dinner",Shrikhand,107.18,5.27,16.02,2.89,0.08,183.02,0.17,18.36,73.61,261.06,9.95,bowl,250.0,267.95
OSR025,Thickened sweetened milk (Rabri),dish,veg,Pan-Indian,breakfast,Rabri,102.79,3.52,10.55,5.35,0.19,111.87,0.29,15.0,23.92,125.85,0.0,bowl,220.3,226.44
OSR026,Gram flour halwa (Besan halwa),dish,veg,Pan-Indian,high tea,Besan halwa,276.79,5.88,25.78,17.3,1.82,77.42,0.67,20.44,15.4,128.25,33.12,piece,148.5,411.15
OSR027,Prawn sandwich,dish,non-veg,Pan-Indian,"breakfast, lunch, dinner",,169.65,10.36,11.89,9.27,1.55,75.53,1.11,38.95,213.38,152.55,40.7,sandwich,228.0,386.79
OSR028,Watercress sandwich,dish,veg,Pan-Indian,breakfast,,229.42,5.17,28.03,11.47,2.26,98.16,0.99,19.07,407.44,140.55,26.56,triangle,54.1,124.17
OSR029,Fish sandwich ,dish,non-veg,Pan-Indian,"breakfast, lunch, dinner",,150.2,4.72,10.09,10.37,1.23,47.28,0.69,16.13,161.88,103.87,8.41,sandwich,260.6,391.45
OSR030,Kidney bean sandwich with cottage cheese,dish,veg,Pan-Indian,breakfast,,176.64,9.85,18.86,6.84,3.66,166.63,1.64,43.64,97.97,296.76,2.67,triangle,239.7,423.42
OSR031,Finger millet biscuit (Ragi biscuit),dish,veg,Pan-Indian,high tea,Ragi biscuit,458.56,4.03,52.69,25.79,5.97,207.04,2.54,78.66,98.24,247.17,64.19,biscuit,75.3,345.41
OSR032,Buttermilk,drink,veg,Pan-Indian,"breakfast, lunch, high tea, dinner",Chaach,21.5,1.28,2.14,0.78,0.03,45.2,0.05,4.6,120.0,63.8,2.6,glass,250.0,53.75
OSR033,Lemon cookies,dish,veg,Pan-Indian,high tea,,394.48,5.63,42.19,23.02,0.78,72.04,0.69,12.5,84.71,79.05,82.16,cookie,156.5,617.36
OSR034,Sweet potato biscuit (Shakarkand ke biscuit),dish,veg,Pan-Indian,high tea,Shakarkand ke biscuit,296.4,5.14,38.13,13.31,2.27,56.34,0.81,19.3,339.58,183.69,33.83,biscuit,150.9,447.31
OSR035,Raspberry shortbread cookies,dish,veg,Pan-Indian,high tea,,441.12,3.0,61.25,21.25,0.75,13.81,0.6,9.21,6.06,51.53,54.36,cookie,37.1,163.49
OSR036,Pumpkin cookies ,dish,veg,Pan-Indian,high tea,,218.4,2.51,44.69,3.93,1.06,19.36,0.52,8.86,51.49,82.12,22.23,cookie,85.5,186.63
OSR037,Greenpea cookies,dish,veg,Pan-Indian,high tea,,159.42,6.53,23.07,4.24,5.32,48.45,1.47,45.08,229.9,241.34,0.0,cookie,75.8,120.92
OSR038,Sunflower cookies,dish,veg,Pan-Indian,high tea,,520.62,9.49,40.06,36.28,3.95,70.45,2.21,135.07,181.68,210.54,26.38,cookie,183.3,954.3
OSR039,Cardamom cookies (Elaichi cookies),dish,veg,Pan-Indian,high tea,Elaichi cookies,400.49,5.1,53.99,19.12,2.79,25.21,1.41,34.43,98.45,111.45,111.21,cookie,218.6,875.47
OSR040,Hazelnut cookies,dish,veg,Pan-Indian,high tea,,493.32,6.25,39.44,34.97,2.45,47.43,1.29,50.12,81.06,233.17,46.99,cookie,85.7,423.02
OSR041,Milk cookies,dish,veg,Pan-Indian,"breakfast, high tea",,459.43,10.49,48.43,24.96,0.99,251.59,0.75,32.61,156.53,385.42,67.93,cookie,124.8,573.57
OSR042,Cranberry cookies,dish,veg,Pan-Indian,high tea,,272.48,3.92,36.39,12.66,1.13,36.16,0.71,11.53,58.25,93.04,58.22,cookie,185.8,506.14
OSR043,Olive biscuit,dish,veg,Pan-Indian,high tea,,438.29,3.2,55.01,23.75,0.82,10.76,1.37,9.54,120.1,53.32,48.63,biscuit,47.3,207.31
OSR045,Tutti fruitti biscuit,dish,veg,Pan-Indian,high tea,,420.78,5.21,53.12,17.9,5.43,23.81,1.96,60.37,93.11,155.27,44.48,biscuit,108.7,457.39
OSR046,Peach blueberry preserves,dish,veg,Pan-Indian,"lunch, dinner",,177.38,0.53,45.76,0.2,1.14,9.03,0.33,5.14,2.81,129.46,0.0,half-pints,250.0,443.45
OSR047,Pear preserves (Naashpati ka murabba),condiment,veg,Pan-Indian,"breakfast, lunch, high tea, dinner",Naashpati ka murabba,101.24,0.25,25.67,0.19,3.06,6.57,0.23,5.64,2.1,74.27,0.0,half-pints,250.0,253.1
OSR048,Starfruit preserves ,dish,veg,Pan-Indian,"lunch, dinner",,128.93,0.24,33.62,0.12,0.78,5.24,0.2,4.09,2.06,49.72,0.0,jar,50.0,64.47
OSR049,Gooseberry pickle (Amla ka achaar),condiment,veg,Pan-Indian,"breakfast, lunch, high tea, dinner",Amla ka achaar,278.58,1.55,7.61,27.61,3.7,31.17,1.04,23.0,86.38,199.18,0.0,jar,23.3,64.86
OSR050,Lotus stem pickle (Kamal kakdi ka achar),condiment,veg,Pan-Indian,"breakfast, lunch, high tea, dinner",Kamal kakdi ka achar,102.69,1.44,20.07,1.6,8.58,137.73,20.57,57.68,181.83,1026.99,0.0,jar,50.0,51.34
OSR051,Date pickle (Khajoor ka achaar),condiment,veg,Pan-Indian,"breakfast, lunch, high tea, dinner",Khajoor ka achaar,182.29,1.68,34.66,4.21,5.2,41.49,1.96,39.25,138.86,434.89,0.0,small bowl,138.2,251.9
OSR052,Garlic pickle (Lahasun ka achar),condiment,veg,Pan-Indian,"breakfast, lunch, high tea, dinner",Lahasun ka achar,413.62,3.72,9.75,39.88,5.13,54.66,1.82,33.55,269.12,311.08,0.0,jar,50.0,206.81
OSR053,Fermented bamboo shoot pickle (Mesu pickle),condiment,veg,Pan-Indian,"breakfast, lunch, high tea, dinner",Mesu pickle,59.83,1.58,1.73,5.59,2.24,16.62,0.69,11.25,161.31,434.41,0.0,jar,50.0,29.91
OSR054,Sweet peach pickle (Aadoo ka achaar),condiment,veg,Pan-Indian,"breakfast, lunch, high tea, dinner",Aadoo ka achaar,144.64,0.46,37.01,0.2,1.32,11.99,0.33,5.64,33.04,150.24,0.0,jar,50.0,72.32
OSR055,Pickled mustard greens ,dish,veg,Pan-Indian,"lunch, dinner",,13.12,1.51,1.05,0.22,1.7,81.44,1.22,22.63,242.36,173.98,0.0,jar,50.0,6.56
OSR056,Small onion pickle ,condiment,veg,Pan-Indian,"breakfast, lunch, high tea, dinner",,16.86,1.65,2.76,0.64,1.09,31.95,1.2,9.18,249.48,214.9,0.0,bowl,112.2,18.92
OSR057,Green tomato pickle (Haray tamatar ka achaar),condiment,veg,Pan-Indian,"breakfast, lunch, high tea, dinner",Haray tamatar ka achaar,193.26,1.23,2.87,19.67,1.74,14.22,0.77,16.01,159.18,205.63,0.0,jar,50.0,96.63
OSR058,Pickled cabbage ,dish,veg,Pan-Indian,"lunch, dinner",,13.69,0.39,2.56,0.14,0.61,15.96,0.19,6.13,121.39,58.17,0.0,jar,50.0,6.84
OSR059,Coconut pickle (Nariyal ka aachar),condiment,veg,South Indian,"breakfast, lunch, high tea, dinner",Nariyal ka aachar,517.26,3.02,11.53,51.71,6.35,44.78,2.62,32.21,176.54,342.27,0.0,jar,28.0,144.86
OSR060,Potato pickle (Aloo ka achaar),condiment,veg,Pan-Indian,"breakfast, lunch, high tea, dinner",Aloo ka achaar,369.14,2.07,7.87,36.46,2.21,48.46,1.12,34.8,213.73,311.23,0.0,bowl,46.9,173.17
OSR061,Mango murabba candy,condiment,veg,Pan-Indian,"breakfast, lunch, high tea, dinner",,293.35,0.27,77.32,0.05,0.95,16.55,0.33,7.64,13.71,56.54,0.0,candy,76.0,222.94
OSR062,Afghani chicken,dish,non-veg,Pan-Indian,"lunch, dinner",,151.51,15.66,1.95,9.07,0.31,35.14,1.04,28.36,87.02,259.04,42.14,plate,189.8,287.5
OSR063,Fish orly,dish,non-veg,Pan-Indian,"lunch, dinner",,563.7,5.87,4.27,58.18,0.33,9.55,0.31,11.85,136.37,94.43,11.78,fillet,180.0,1014.66
OSR064,Hariyali Fish Tikka,dish,non-veg,Pan-Indian,"lunch, dinner",,150.24,14.01,2.21,9.41,0.99,34.86,0.83,33.88,100.45,257.74,43.28,kebab,178.5,268.25
OSR065,Chicken manchurian,dish,non-veg,Pan-Indian,"lunch, dinner",,142.34,9.53,6.06,11.96,0.41,26.52,1.28,16.57,2414.77,179.84,37.88,plate,300.0,427.02
OSR066,Handi chicken,dish,non-veg,Pan-Indian,"lunch, dinner",,166.02,12.32,1.49,12.46,0.67,26.85,0.93,18.15,75.64,214.67,33.71,plate,231.9,384.96
OSR067,Lemon chicken,dish,non-veg,Pan-Indian,"lunch, dinner",,169.79,20.2,0.55,9.66,0.16,17.4,0.95,19.91,79.93,282.83,60.15,plate,286.6,486.57
OSR068,Lemon butter fish,dish,non-veg,Pan-Indian,"lunch, dinner",,160.25,16.38,0.75,10.26,0.36,18.66,0.4,29.57,187.72,240.34,46.11,piece,200.0,320.49
OSR069,Baked eggs in tomato sauce,condiment,veg,Pan-Indian,"breakfast, lunch, high tea, dinner",,80.05,4.92,3.78,5.22,0.01,71.94,1.31,20.55,188.21,321.52,77.26,plate,300.0,240.15
OSR070,Egg in a pepper,dish,egg,Pan-Indian,"lunch, dinner",,128.78,12.64,0.17,8.68,0.17,48.25,1.76,12.83,183.89,144.67,345.88,egg,400.0,515.12
OSR071,Spinach mushroom scrambled egg (Palak mushroom bhurji),dish,egg,Pan-Indian,breakfast,Palak mushroom bhurji,158.85,13.28,0.59,11.51,0.39,140.31,1.6,19.41,227.97,180.76,276.56,plate,116.4,184.98
OSR072,Corn omelette/omlet,dish,egg,Pan-Indian,breakfast,omlet,166.93,11.37,1.57,12.89,0.02,96.22,1.34,17.36,166.42,145.92,253.36,omelette,194.2,324.26
OSR073,Cajun chicken,dish,non-veg,Pan-Indian,"lunch, dinner",,184.94,12.69,1.94,13.99,0.89,156.98,0.53,18.93,1740.13,181.55,39.32,chicken breast,167.5,309.78
OSR074,Paaner do pyaza,dish,veg,Pan-Indian,"lunch, dinner",,127.7,4.22,3.41,10.87,0.84,57.22,0.45,17.05,160.66,135.24,15.07,bowl,231.9,296.11
OSR075,Cabbage manchurian (Pattagobhi manchurian),dish,veg,Pan-Indian,"lunch, dinner",Pattagobhi manchurian,224.26,0.64,4.85,22.48,0.37,3.18,0.2,3.5,75.02,34.44,0.18,bowl,250.0,560.65
OSR076,Gobi 65,dish,veg,Pan-Indian,"lunch, dinner",,278.29,0.56,3.59,29.11,0.57,12.37,0.3,5.75,69.22,56.39,0.29,plate,300.0,834.87
OSR077,Paneer lababdar,dish,veg,North Indian,"lunch, dinner",,105.48,3.98,3.37,8.46,1.16,55.56,0.56,19.63,142.45,145.5,7.19,bowl,250.0,263.7
OSR078,Roasted cauliflower steak,dish,veg,Pan-Indian,"lunch, dinner",,78.68,2.05,2.02,6.7,3.53,24.47,0.95,22.2,120.19,311.66,0.0,cauliflower steak,107.4,84.48
OSR079,Sauteed radishes with green beans,dish,veg,Pan-Indian,"lunch, dinner",,94.32,2.41,6.04,6.61,3.52,40.2,1.01,45.13,65.1,323.33,7.44,plate,96.6,91.11
OSR080,Garlic chutney/Poondu chutney (Lahasun ki chutney),condiment,veg,Pan-Indian,"breakfast, lunch, high tea, dinner",Lahasun ki chutney; Poondu chutney,255.51,3.34,20.44,17.55,5.15,63.51,3.26,50.97,177.62,541.63,0.0,small bowl,79.4,202.83
OSR081,Schezwan chutney,condiment,veg,Pan-Indian,"breakfast, lunch, high tea, dinner",,205.19,3.33,10.79,17.72,5.72,35.46,1.96,35.17,486.27,412.31,0.79,box,100.0,205.19
OSR082,Bengal 5 Spice Blend (Panch Phoran),dish,veg,East Indian,"lunch, dinner",Panch Phoran,289.79,18.26,20.0,22.16,18.4,523.0,13.37,253.0,51.43,1026.2,0.0,1 katori,150.0,434.68
OSR083,Onion chutney (Pyaaz ki chutney/Vengaya chutney),condiment,veg,Pan-Indian,"breakfast, lunch, high tea, dinner",Pyaaz ki chutney/Vengaya chutney,143.94,2.97,13.52,8.38,4.6,28.5,1.19,37.83,256.89,342.69,0.0,cup,52.5,75.51
OSR085,Dates chutney (Khajoor ki chutney),condiment,veg,Pan-Indian,"breakfast, lunch, high tea, dinner",Khajoor ki chutney,103.57,1.07,21.69,1.12,3.41,28.72,1.19,29.16,76.77,288.06,0.0,small bowl,220.0,227.85
OSR086,Chicken salad,dish,non-veg,Pan-Indian,"lunch, dinner",,338.19,15.33,1.3,30.26,2.0,43.19,1.23,58.53,50.62,284.46,47.62,bowl,247.0,835.34
OSR087,Macaroni salad,dish,veg,Pan-Indian,"lunch, dinner",,262.19,5.02,21.63,17.78,0.56,35.7,0.77,18.72,163.99,147.09,58.64,cup,161.0,422.24
OSR088,Cabbage raita (Pattagobhi raita),dish,veg,Pan-Indian,"lunch, dinner",Pattagobhi raita,84.84,3.24,5.25,5.76,0.93,118.49,0.19,15.55,125.31,210.13,16.26,bowl,232.1,196.95
OSR089,Pomegranate raita (Anaar ka raita),dish,veg,Pan-Indian,"lunch, dinner",Anaar ka raita,72.64,4.05,7.15,3.24,0.6,138.31,0.25,14.73,195.18,208.12,4.67,bowl,144.3,104.79
OSR090,Onion raita (Pyaaz ka raita),dish,veg,Pan-Indian,"lunch, dinner",Pyaaz ka raita,71.56,4.86,7.86,2.43,0.65,163.8,0.3,20.55,189.96,269.88,8.61,bowl,156.5,111.99
OSR091,Green chilli raita (Hari mirch ka raita),dish,veg,Pan-Indian,"lunch, dinner",Hari mirch ka raita,77.13,5.58,7.66,2.92,0.26,193.58,0.21,20.12,161.31,286.94,10.52,bowl,102.5,79.07
OSR092,Kale salad,dish,veg,Pan-Indian,"lunch, dinner",,177.71,4.86,5.01,15.33,1.36,109.11,1.3,32.2,292.04,336.77,6.12,bowl,53.7,95.35
OSR093,Spinach and paneer souffle ,dish,veg,North Indian,"high tea, lunch, dinner",,186.19,7.56,9.64,13.49,1.07,114.32,1.4,21.0,434.68,197.9,76.02,souffle dish,200.0,372.38
OSR094,Masala souffle ,condiment,veg,Pan-Indian,"breakfast, lunch, high tea, dinner",,123.51,6.38,8.02,7.37,1.24,103.68,0.74,18.3,131.14,274.75,86.45,souffle dish,200.0,247.02
OSR095,Chicken and cheese souffle,dish,non-veg,Pan-Indian,"high tea, lunch, dinner",,182.35,9.07,3.47,14.74,0.26,61.71,0.63,12.25,120.93,160.39,89.24,souffle dish,195.5,356.5
OSR096,Tamarind chutney (Chintapandu pachadi/Puli chutney),condiment,veg,Pan-Indian,"breakfast, lunch, high tea, dinner",Chintapandu pachadi/Puli chutney,109.15,0.88,25.07,0.48,1.65,40.3,1.95,32.91,75.61,235.6,0.68,ml,15.0,16.37
OSR097,Pav bhaji masala,condiment,veg,Pan-Indian,"breakfast, lunch, high tea, dinner",,230.47,9.13,29.15,10.96,24.3,588.91,12.84,269.44,1814.66,1258.15,0.0,gm,15.0,34.57
OSR098,Green chutney,condiment,veg,Pan-Indian,"breakfast, lunch, high tea, dinner",,79.42,5.42,10.01,1.6,5.84,112.74,4.58,73.93,262.81,508.96,0.0,glass jar,24.4,19.38
OSR099,Sago khitchdi/khichri (Sabudana khitchdi/khichri),dish,veg,Pan-Indian,"lunch, dinner",Sabudana khitchdi/khichri; khichri,187.16,2.72,22.41,10.1,1.82,15.13,0.86,27.71,100.26,189.28,12.24,bowl,250.0,467.9
OSR100,Gram flour chilla/cheela (Besan chilla/cheela),dish,veg,Pan-Indian,breakfast,Besan chilla/cheela; cheela,135.93,7.8,21.03,2.85,4.25,28.38,2.19,27.71,135.57,168.7,0.0,cheela,52.1,70.78
OSR101,Vegetable namkeen jave,dish,veg,Pan-Indian,high tea,,112.23,2.93,18.98,2.51,2.86,10.32,1.07,14.39,32.13,91.36,3.41,plate,300.0,336.69
OSR102,Khakhra,dish,veg,Pan-Indian,"lunch, dinner",,178.5,4.78,27.66,5.32,5.43,21.27,2.14,57.11,184.16,166.32,0.0,khakhra,75.7,135.1
OSR103,Moong bean dosa (Pesarattu),dish,veg,South Indian,breakfast,Pesarattu,285.96,12.32,31.91,11.67,6.04,36.44,3.38,86.95,61.36,704.21,17.86,pesarattu,26.6,75.94
OSR104,Methi thepla,dish,veg,West Indian,breakfast,,346.16,8.98,41.34,15.95,7.56,73.51,4.52,83.17,543.27,298.37,1.85,thepla,36.4,126.16
OSR105,Rice puttu (Ari puttu),dish,veg,South Indian,"breakfast, lunch, dinner",Ari puttu,81.98,1.26,11.82,3.13,0.76,4.96,0.42,8.0,48.28,69.57,0.0,puttu,200.0,163.96
OSR106,Buckwheat pancake (Khura),dish,veg,Pan-Indian,high tea,Khura,263.3,2.91,27.28,16.43,0.56,11.32,0.69,16.71,69.97,100.05,41.31,pancake,104.4,274.93
OSR107,Quinoa khichdi/khichri,dish,veg,Pan-Indian,"lunch, dinner",khichri,64.01,3.18,8.83,1.59,2.58,24.59,1.12,25.3,69.64,174.76,2.61,bowl,250.0,160.03
OSR108,Khakhra chaat,dish,veg,North Indian,high tea,,358.66,4.52,16.64,30.65,3.04,24.49,1.26,27.23,102.78,173.44,0.06,plate,300.0,1075.98
OSR110,Banana appam,dish,veg,South Indian,breakfast,,469.81,1.17,20.06,42.53,0.67,13.74,0.77,19.47,20.14,142.99,0.0,appam,290.4,1364.2
OSR111,Veg manchurian,dish,veg,Pan-Indian,"lunch, dinner",,585.64,0.89,6.82,61.65,1.16,16.79,0.31,7.53,65.31,83.3,0.0,plate,194.9,1141.69
OSR112,Pav bhaji,dish,veg,Pan-Indian,"lunch, dinner",,96.53,2.66,11.99,4.32,1.98,24.86,0.97,12.69,163.89,139.3,8.91,1 plate,350.0,337.86
OSR113,Rice murukku,dish,veg,Pan-Indian,"lunch, dinner",,593.99,5.41,33.29,48.22,2.18,24.63,1.7,29.19,63.31,224.26,5.32,piece,30.9,183.29
OSR114,Bhel puri ,dish,veg,Pan-Indian,"high tea, lunch, dinner",,509.89,3.52,16.47,47.91,2.24,24.22,1.29,22.42,93.98,150.56,0.0,plate,300.0,1529.67
OSR115,Semolina dhokla (Suji/Rava dhokla),dish,veg,West Indian,high tea,Suji/Rava dhokla,194.91,5.44,30.86,5.2,5.12,31.17,2.52,28.69,443.39,194.28,0.0,plate,100.2,195.36
OSR116,Spicy corn chaat ,dish,veg,North Indian,high tea,,479.8,4.61,11.45,46.55,2.17,17.28,0.84,21.18,86.5,124.8,3.89,plate,300.0,1439.4
OSR118,Jackfruit fritters (Ponsa mulik/Kathal ka pakora),dish,veg,Pan-Indian,high tea,Ponsa mulik/Kathal ka pakora,597.79,2.34,24.0,54.41,1.5,24.62,1.15,30.82,46.39,176.51,0.0,mulik/fritter,26.8,160.12
OSR119,Banana chips (Kele ke chips),dish,veg,Pan-Indian,breakfast,Kele ke chips,665.67,0.37,7.32,70.46,0.65,2.01,0.19,9.04,86.87,106.43,0.0,bowl,170.4,1134.13
OSR120,Wheat cake,dish,veg,Pan-Indian,high tea,,314.63,4.79,41.13,14.95,2.76,98.91,1.08,39.22,82.96,183.29,40.13,piece,66.8,210.21
OSR121,Mango cheesecake,dish,veg,Pan-Indian,high tea,,152.46,2.39,20.06,7.3,1.14,55.1,0.53,13.97,107.12,139.64,16.9,slice,174.2,265.56
OSR122,Carrot cake (Gajar ka cake),dish,veg,Pan-Indian,high tea,Gajar ka cake,255.59,5.6,35.98,10.27,2.93,156.1,1.03,39.07,158.74,273.12,11.61,slice,99.9,255.46
OSR123,Semolina cake (Suji/Rava cake),dish,veg,Pan-Indian,high tea,Suji/Rava cake,374.14,6.58,31.32,25.18,5.37,128.28,1.36,39.58,91.36,349.46,27.06,square,59.0,220.74
OSR124,Finger millet cake (Ragi cake),dish,veg,Pan-Indian,high tea,Ragi cake,279.46,3.96,38.93,12.27,2.35,118.38,1.35,49.57,98.26,191.33,25.2,slice,98.6,275.6
OSR125,Honey cake,dish,veg,Pan-Indian,high tea,,333.59,3.08,49.04,14.7,0.51,50.86,0.46,9.73,72.55,88.76,1.54,slice,163.7,546.05
OSR126,Almond cardamom cake (Badam elaichi cake),dish,veg,Pan-Indian,high tea,Badam elaichi cake,356.35,7.18,34.53,21.36,2.35,81.29,1.29,52.9,155.37,173.38,74.32,slice,68.1,242.84
OSR127,Tutti frutti cake,dish,veg,Pan-Indian,high tea,,347.72,4.49,52.94,12.68,0.85,61.41,0.62,14.16,106.36,109.79,2.46,cake,100.0,347.72
OSR128,Ham and Bean soup,dish,non-veg,Pan-Indian,"lunch, dinner",,96.04,10.61,4.18,4.15,0.54,20.52,0.88,22.97,378.14,309.3,25.92,bowl,150.8,144.82
OSR129,Whey soup,dish,veg,Pan-Indian,"lunch, dinner",,68.91,3.45,6.26,3.34,0.84,164.92,0.55,19.08,87.08,158.89,0.83,bowl,223.4,153.96
OSR130,Bottle gourd soup (Ghiya/Lauki soup),dish,veg,Pan-Indian,"lunch, dinner",Ghiya/Lauki soup,23.05,0.45,1.16,1.79,0.96,15.14,0.26,5.92,53.81,61.68,0.72,bowl,250.0,57.62
OSR131,Baked potato soup,dish,veg,Pan-Indian,"lunch, dinner",,147.05,5.73,5.85,11.21,0.3,106.56,0.27,12.65,268.69,184.87,26.31,bowl,250.0,367.62
OSR132,Pumpkin soup,dish,veg,Pan-Indian,"lunch, dinner",,40.05,0.47,2.08,3.2,1.19,12.17,0.19,5.38,45.5,115.19,0.86,bowl,250.0,100.12
OSR133,Sweet corn soup,dish,veg,Pan-Indian,"lunch, dinner",,32.25,0.99,3.56,1.63,0.31,3.72,0.41,11.22,22.35,86.92,0.0,bowl,250.0,80.62
OSR134,Paneer soup,dish,veg,North Indian,"lunch, dinner",,47.85,3.22,2.42,2.8,0.28,82.76,0.3,6.55,68.03,27.66,0.0,bowl,250.0,119.62
OSR135,Curried Cauliflower soup,dish,veg,Pan-Indian,"lunch, dinner",,37.32,6.72,3.12,9.77,2.34,37.25,2.12,33.71,7311.44,333.51,4.77,cup,200.0,74.64
OSR136,Millet soup,dish,veg,Pan-Indian,"lunch, dinner",,55.99,11.26,8.22,12.57,2.82,65.21,2.74,48.47,10918.83,382.18,1.45,bowl,231.5,129.64
OSR137,Lemon coriander soup,dish,veg,Pan-Indian,"lunch, dinner",,108.06,2.27,10.32,6.26,6.77,102.57,3.47,54.52,219.17,368.81,0.0,bowl,48.6,52.52
OSR138,Garlic soup,dish,veg,Pan-Indian,"lunch, dinner",,194.86,2.38,6.99,17.62,1.66,60.55,0.73,18.08,179.26,247.47,22.92,bowl,144.0,280.6
OSR139,Dal makhani,dish,veg,North Indian,"lunch, dinner",,74.04,3.32,7.96,3.06,2.27,20.62,1.23,27.39,41.85,199.4,7.25,bowl,250.0,185.1
OSR141,Dalma,dish,veg,Pan-Indian,"lunch, dinner",,118.93,4.91,15.04,4.58,2.16,54.28,2.1,43.25,49.35,390.38,0.0,bowl,250.0,297.32
OSR142,Split bengal gram dal (Channa dal),dish,veg,North Indian,"lunch, dinner",Channa dal,99.67,4.15,9.99,4.62,3.72,21.99,1.92,29.5,46.4,232.72,8.53,bowl,250.0,249.18
OSR143,Horsegram dal (Kulthi dal) ,dish,veg,Pan-Indian,"lunch, dinner",Kulthi dal,55.65,2.91,8.21,1.13,1.52,38.22,1.3,23.01,63.63,173.06,0.0,bowl,250.0,139.12
OSR144,Panchmel dal,dish,veg,Pan-Indian,"lunch, dinner",,111.22,4.63,10.71,5.36,3.2,23.05,1.42,32.49,79.46,269.92,11.86,bowl,250.0,278.05
OSR145,Dal dhokli,dish,veg,Pan-Indian,"lunch, dinner",,68.74,2.96,8.55,2.47,1.86,14.54,0.79,23.63,37.53,152.23,0.0,bowl,250.0,171.85
OSR146,Gujarati handvo ,dish,veg,West Indian,"lunch, dinner",,207.09,8.24,31.86,4.8,4.95,68.21,2.03,47.32,308.55,411.2,1.93,cake,100.0,207.09
OSR147,Sev (Omapodi/Karapusa),dish,veg,Pan-Indian,high tea,Omapodi/Karapusa,609.14,5.12,12.87,60.08,2.35,13.95,0.72,14.55,53.19,71.96,0.0,plate,137.0,834.22
OSR148,Papdi,dish,veg,Pan-Indian,high tea,,708.96,1.83,12.89,72.11,0.56,6.06,0.44,6.63,28.91,31.06,0.0,plate,173.7,1231.38
OSR151,Jowar dosa,dish,veg,South Indian,breakfast,,294.35,8.5,40.53,10.28,5.56,19.46,2.03,71.56,97.25,339.77,0.0,dosa,33.0,97.25
OSR152,Bread roll,dish,veg,Pan-Indian,high tea,,435.46,2.85,16.12,40.25,1.45,44.83,0.71,13.0,139.34,153.42,0.0,bread roll,121.0,526.92
OSR153,Soya seekh kebab,dish,veg,Pan-Indian,"lunch, dinner",,115.05,5.4,10.0,5.88,2.24,15.67,1.26,28.77,92.25,306.02,0.0,kabab,57.1,65.75
OSR154,Classic seasoned black beans,dish,veg,Pan-Indian,"lunch, dinner",,28.78,8.01,7.66,8.28,3.51,40.11,1.9,23.45,7989.07,201.49,0.0,bowl,176.2,50.71
OSR155,Maa chaane ki dal,dish,veg,Pan-Indian,"lunch, dinner",,344.67,19.8,43.11,9.5,13.45,68.65,5.97,123.32,43.31,923.92,15.36,bowl,81.1,279.44
OSR156,Garlic chickpea soup (Lahasun aur chane ka shoraba),dish,veg,Pan-Indian,"lunch, dinner",Lahasun aur chane ka shoraba,89.53,4.45,13.92,2.01,2.84,13.93,0.96,18.79,79.73,177.33,0.0,soup bowl,300.0,268.59
OSR999,Rooh Afza,drink,veg,North Indian,"breakfast, lunch, high tea, dinner",rose syrup; Ruh Afza; sharbat,300.0,0.0,77.0,0.0,0.0,0.0,0.0,0.0,0.0,0.0,0.0,glass,30.0,90.0